,courtName,Column,region
0,Луцький міськрайонний суд Волинської області,306,волинська
1,Вінницький міський суд Вінницької області,305,вінницька
2,Тернопільський міськрайонний суд Тернопільської області,266,тернопільська
3,Галицький районний суд м. Львова,266,львівська
4,Рівненський районний суд Рівненської області,245,рівненська
5,Івано-Франківський міський суд Івано-Франківської області,243,івано-Франківська
6,Приморський районний суд м. Одеси,241,одеська
7,Шевченківський районний суд м. Києва,237,київ
8,Ужгородський міськрайонний суд Закарпатської області,225,закарпатська
9,Солом'янський районний суд м. Києва,201,київ
10,Новомосковський міськрайонний суд Дніпропетровської області,189,дніпропетровська
11,Соснівський районний суд м. Черкаси,189,черкаська
12,Малиновський районний суд м. Одеси,189,одеська
13,Дрогобицький міськрайонний суд Львівської області,185,львівська
14,Хмельницький міськрайонний суд Хмельницької області,184,хмельницька
15,Жовківський районний суд Львівської області,175,львівська
16,Рівненський міський суд Рівненської області,173,рівненська
17,Тисменицький районний суд Івано-Франківської області,172,івано-Франківська
18,Яворівський районний суд Львівської області,172,львівська
19,Мукачівський міськрайонний суд Закарпатської області,171,закарпатська
20,Київський районний суд м. Харкова,164,київська
21,Хотинський районний суд Чернівецької області,152,чернівецька
22,Біляївський районний суд Одеської області,152,одеська
23,Заставнівський районний суд Чернівецької області,149,чернівецька
24,Харківський районний суд Харківської області,144,харківська
25,Кам'янець-Подільський міськрайонний суд Хмельницької області,142,хмельницька
26,Шевченківський районний суд м. Чернівців,134,чернівецька
27,Сарненський районний суд Рівненської області,132,рівненська
28,Сторожинецький районний суд Чернівецької області,130,чернівецька
29,Бориспільський міськрайонний суд Київської області,129,київська
30,Дзержинський районний суд м. Харкова,129,харківська
31,Деснянський районний суд м. Чернігова,128,чернігівська
32,Пустомитівський районний суд Львівської області,128,львівська
33,Ковельський міськрайонний суд Волинської області,126,волинська
34,Тячівський районний суд Закарпатської області,125,закарпатська
35,Херсонський міський суд Херсонської області,123,херсонська
36,Святошинський районний суд м. Києва,123,київ
37,Зарічний районний суд м. Суми,123,сумська
38,Бердянський міськрайонний суд Запорізької області,123,запорізька
39,Артемівський міськрайонний суд Донецької області,123,донецька
40,Калуський міськрайонний суд Івано-Франківської області,122,івано-Франківська
41,Дніпропетровський районний суд Дніпропетровської області,122,дніпропетровська
42,Новозаводський районний суд м. Чернігова,121,чернігівська
43,Ковпаківський районний суд м. Суми,120,сумська
44,Голопристанський районний суд Херсонської області,119,херсонська
45,Сокирянський районний суд Чернівецької області,119,чернівецька
46,Білоцерківський міськрайонний суд Київської області,118,київська
47,Біловодський районний суд Луганської області,117,луганська
48,Старобільський районний суд Луганської області,115,луганська
49,Лисичанський міський суд Луганської області,114,луганська
50,Першотравневий районний суд м. Чернівців,114,чернівецька
51,Жовтневий районний суд м. Маріуполя,113,донецька
52,Самбірський міськрайонний суд Львівської області,113,львівська
53,Новоселицький районний суд Чернівецької області,113,чернівецька
54,Стрийський міськрайонний суд Львівської області,112,львівська
55,Костянтинівський міськрайонний суд Донецької області,112,донецька
56,Білгород-Дністровський міськрайонний суд Одеської області,112,одеська
57,Сихівський районний суд м. Львова,112,львівська
58,Шевченківський районний суд м. Львова,112,львівська
59,Криворізький районний суд Дніпропетровської області,111,дніпропетровська
60,Київський районний суд м. Одеси,109,київська
61,Генічеський районний суд Херсонської області,108,херсонська
62,Слов'янський міськрайонний суд Донецької області,107,донецька
63,Ленінський районний суд м. Миколаєва,107,миколаївська
64,Глибоцький районний суд Чернівецької області,106,чернівецька
65,Печерський районний суд м. Києва,105,київ
66,Жовтневий районний суд м. Дніпропетровська,104,дніпропетровська
67,Залізничний районний суд м. Львова,103,львівська
68,Сєверодонецький міський суд Луганської області,102,донецька
69,Нікопольський міськрайонний суд Дніпропетровської області,102,дніпропетровська
70,Надвірнянський районний суд Івано-Франківської області,101,івано-Франківська
71,Верхньодніпровський районний суд Дніпропетровської області,101,дніпропетровська
72,Попаснянський районний суд Луганської області,100,луганська
73,Орджонікідзевський районний суд м. Запоріжжя,99,запорізька
74,Ківерцівський районний суд Волинської області,99,волинська
75,Київський районний суд м. Полтави,98,київська
76,Апеляційний суд Дніпропетровської області,98,дніпропетровська
77,Костопільський районний суд Рівненської області,98,рівненська
78,Краматорський міський суд Донецької області,98,донецька
79,Тлумацький районний суд Івано-Франківської області,96,івано-Франківська
80,Полтавський районний суд Полтавської області,96,полтавська
81,Золочівський районний суд Львівської області,96,львівська
82,Коломийський міськрайонний суд Івано-Франківської області,95,івано-Франківська
83,Каховський міськрайонний суд Херсонської області,94,херсонська
84,Кіровський районний суд м. Кіровограда,93,кіровоградська
85,Вінницький районний суд Вінницької області,93,вінницька
86,Енергодарський міський суд Запорізької області,93,запорізька
87,Уманський міськрайонний суд Черкаської області,92,черкаська
88,Богунський районний суд м. Житомира,92,житомирська
89,Хустський районний суд Закарпатської області,91,закарпатська
90,Черкаський районний суд Черкаської області,91,черкаська
91,Апеляційний суд Чернігівської області,91,чернігівська
92,Путильський районний суд Чернівецької області,91,чернівецька
93,Ленінський районний суд м. Кіровограда,91,кіровоградська
94,Любомльський районний суд Волинської області,91,волинська
95,Волноваський районний суд Донецької області,90,донецька
96,Сватівський районний суд Луганської області,90,луганська
97,Володимир-Волинський міський суд Волинської області,90,волинська
98,Кіцманський районний суд Чернівецької області,89,чернівецька
99,Личаківський районний суд м. Львова,89,львівська
100,Магдалинівський районний суд Дніпропетровської області,89,дніпропетровська
101,Виноградівський районний суд Закарпатської області,89,закарпатська
102,Мелітопольський міськрайонний суд Запорізької області,89,запорізька
103,Кіровський районний суд м. Дніпропетровська,88,дніпропетровська
104,Центральний районний суд м. Миколаєва,87,миколаївська
105,Суворовський районний суд м. Херсона,86,херсонська
106,Червоноградський міський суд Львівської області,86,львівська
107,Ружинський районний суд Житомирської області,85,житомирська
108,Прилуцький міськрайонний суд Чернігівської області,85,чернігівська
109,Гусятинський районний суд Тернопільської області,85,тернопільська
110,Оріхівський районний суд Запорізької області,83,запорізька
111,Новомиргородський районний суд Кіровоградської області,82,кіровоградська
112,Дзержинський міський суд Донецької області,82,донецька
113,Ленінський районний суд м. Харкова,82,харківська
114,Знам'янський міськрайонний суд Кіровоградської області,81,кіровоградська
115,Білопільський районний суд Сумської області,81,сумська
116,Криничанський районний суд Дніпропетровської області,80,дніпропетровська
117,Іллічівський районний суд м. Маріуполя,80,донецька
118,Фрунзенський районний суд м. Харкова,80,харківська
119,Бердичівський міськрайонний суд Житомирської області,80,житомирська
120,Богородчанський районний суд Івано-Франківської області,80,івано-Франківська
121,Вишгородський районний суд Київської області,79,київська
122,Апеляційний суд Черкаської області,79,черкаська
123,Теребовлянський районний суд Тернопільської області,79,тернопільська
124,Маневицький районний суд Волинської області,79,волинська
125,Цюрупинський районний суд Херсонської області,79,херсонська
126,Центрально-Міський районний суд м. Кривого Рогу,79,дніпропетровська
127,Сумський районний суд Сумської області,78,сумська
128,Московський районний суд м. Харкова,78,харківська
129,Козівський районний суд Тернопільської області,78,тернопільська
130,Борщівський районний суд Тернопільської області,78,тернопільська
131,Білозерський районний суд Херсонської області,77,херсонська
132,Октябрський районний суд м. Полтави,77,полтавська
133,Красноармійський міськрайонний суд Донецької області,76,донецька
134,Збаразький районний суд Тернопільської області,76,тернопільська
135,Олександрівський районний суд Кіровоградської області,75,кіровоградська
136,Лановецький районний суд Тернопільської області,75,тернопільська
137,Старосамбірський районний суд Львівської області,75,львівська
138,Городенківський районний суд Івано-Франківської області,75,івано-Франківська
139,Косівський районний суд Івано-Франківської області,75,івано-Франківська
140,Роздільнянський районний суд Одеської області,75,одеська
141,Новоград-Волинський міськрайонний суд Житомирської області,75,волинська
142,Сокальський районний суд Львівської області,74,львівська
143,Рожнятівський районний суд Івано-Франківської області,74,івано-Франківська
144,Волочиський районний суд Хмельницької області,73,хмельницька
145,Сколівський районний суд Львівської області,73,львівська
146,Старокостянтинівський районний суд Хмельницької області,72,хмельницька
147,Петропавлівський районний суд Дніпропетровської області,72,дніпропетровська
148,Подільський районний суд м. Києва,72,київ
149,Добропільський міськрайонний суд Донецької області,72,донецька
150,Самарський районний суд м. Дніпропетровська,72,дніпропетровська
151,Кам'янсько-Дніпровський районний суд Запорізької області,72,запорізька
152,Рахівський районний суд Закарпатської області,72,закарпатська
153,Новоайдарський районний суд Луганської області,72,луганська
154,Апеляційний суд Волинської області,72,волинська
155,Ічнянський районний суд Чернігівської області,72,чернігівська
156,Дубровицький районний суд Рівненської області,71,рівненська
157,Буський районний суд Львівської області,71,львівська
158,Амур-Нижньодніпровський районний суд м. Дніпропетровська,71,дніпропетровська
159,Новопсковський районний суд Луганської області,71,луганська
160,Славутський міськрайонний суд Хмельницької області,71,хмельницька
161,Індустріальний районний суд м. Дніпропетровська,71,дніпропетровська
162,Павлоградський міськрайонний суд Дніпропетровської області,70,дніпропетровська
163,Чугуївський міський суд Харківської області,70,харківська
164,Роменський міськрайонний суд Сумської області,70,сумська
165,Кельменецький районний суд Чернівецької області,70,чернівецька
166,Долинський районний суд Івано-Франківської області,70,івано-Франківська
167,Дзержинський районний суд м. Кривого Рогу,69,дніпропетровська
168,Канівський міськрайонний суд Черкаської області,69,черкаська
169,Берегівський районний суд Закарпатської області,69,закарпатська
170,Скадовський районний суд Херсонської області,69,херсонська
171,Красногвардійський районний суд м. Дніпропетровська,69,дніпропетровська
172,Охтирський міськрайонний суд Сумської області,69,сумська
173,Дунаєвецький районний суд Хмельницької області,69,хмельницька
174,Шосткинський міськрайонний суд Сумської області,69,сумська
175,Дніпровський районний суд м. Дніпродзержинська,68,дніпропетровська
176,Комінтернівський районний суд м. Харкова,68,харківська
177,Рожищенський районний суд Волинської області,68,волинська
178,Кременецький районний суд Тернопільської області,68,тернопільська
179,Зборівський районний суд Тернопільської області,68,тернопільська
180,Апеляційний суд Львівської області,68,львівська
181,Горохівський районний суд Волинської області,68,волинська
182,Вознесенський міськрайонний суд Миколаївської області,68,миколаївська
183,Мостиський районний суд Львівської області,68,львівська
184,Автозаводський районний суд м. Кременчука,68,полтавська
185,Чортківський районний суд Тернопільської області,67,тернопільська
186,Апеляційний суд Київської області,67,київська
187,Комунарський районний суд м. Запоріжжя,67,запорізька
188,Лубенський міськрайонний суд Полтавської області,67,полтавська
189,Галицький районний суд Івано-Франківської області,66,івано-Франківська
190,Апеляційний суд Одеської області,66,одеська
191,Чернігівський районний суд Чернігівської області,66,чернігівська
192,Городоцький районний суд Хмельницької області,66,хмельницька
193,Городнянський районний суд Чернігівської області,66,чернігівська
194,Комінтернівський районний суд Одеської області,65,одеська
195,Селидівський міський суд Донецької області,65,донецька
196,Маловисківський районний суд Кіровоградської області,65,кіровоградська
197,Березнівський районний суд Рівненської області,64,рівненська
198,Ямпільський районний суд Вінницької області,64,вінницька
199,Бабушкінський районний суд м. Дніпропетровська,64,дніпропетровська
200,Шепетівський міськрайонний суд Хмельницької області,64,хмельницька
201,Броварський міськрайонний суд Київської області,63,київська
202,Жидачівський районний суд Львівської області,63,львівська
203,Апеляційний суд Донецької області,63,донецька
204,Дергачівський районний суд Харківської області,63,харківська
205,Новоукраїнський районний суд Кіровоградської області,63,кіровоградська
206,Новотроїцький районний суд Херсонської області,62,херсонська
207,Великобагачанський районний суд Полтавської області,62,полтавська
208,Києво-Святошинський районний суд Київської області,62,київська
209,Василівський районний суд Запорізької області,62,запорізька
210,Деражнянський районний суд Хмельницької області,62,хмельницька
211,Ізюмський міськрайонний суд Харківської області,62,харківська
212,Красилівський районний суд Хмельницької області,62,хмельницька
213,Олександрійський міськрайонний суд Кіровоградської області,61,кіровоградська
214,Запорізький районний суд Запорізької області,61,запорізька
215,Ніжинський міськрайонний суд Чернігівської області,60,чернігівська
216,Апеляційний суд Кіровоградської області,60,кіровоградська
217,Іванківський районний суд Київської області,60,київська
218,Саксаганський районний суд м. Кривого Рогу,59,дніпропетровська
219,Могилів-Подільський міськрайонний суд Вінницької області,59,вінницька
220,Куп'янський міськрайонний суд Харківської області,59,харківська
221,Вовчанський районний суд Харківської області,59,харківська
222,Іршавський районний суд Закарпатської області,59,закарпатська
223,Жовтневий районний суд м. Харкова,59,харківська
224,Жовтневий районний суд м. Запоріжжя,58,запорізька
225,Придніпровський районний суд м. Черкас,58,дніпропетровська
226,Балаклійський районний суд Харківської області,58,харківська
227,Апеляційний суд Харківської області,58,харківська
228,Миколаївський районний суд Львівської області,58,миколаївська
229,Пирятинський районний суд Полтавської області,58,полтавська
230,Апеляційний суд Вінницької області,58,вінницька
231,Ленінський районний суд м. Дніпропетровська,58,дніпропетровська
232,Герцаївський районний суд Чернівецької області,58,чернівецька
233,Баглійський районний суд м. Дніпродзержинська,57,дніпропетровська
234,Приморський районний суд м. Маріуполя,57,донецька
235,Золотоніський міськрайонний суд Черкаської області,57,черкаська
236,Здолбунівський районний суд Рівненської області,57,рівненська
237,Конотопський міськрайонний суд Сумської області,56,сумська
238,Дніпровський апеляційний суд,55,дніпропетровська
239,Ратнівський районний суд Волинської області,55,волинська
240,Крюківський районний суд м. Кременчука,55,полтавська
241,Теофіпольський районний суд Хмельницької області,55,хмельницька
242,Ленінський районний суд м. Запоріжжя,55,запорізька
243,Великоновосілківський районний суд Донецької області,55,донецька
244,Гадяцький районний суд Полтавської області,55,полтавська
245,Апеляційний суд Полтавської області,54,полтавська
246,Козелецький районний суд Чернігівської області,54,чернігівська
247,Ізяславський районний суд Хмельницької області,54,хмельницька
248,Ізмаїльський міськрайонний суд Одеської області,54,одеська
249,Миргородський міськрайонний суд Полтавської області,54,полтавська
250,Приморський районний суд Запорізької області,54,запорізька
251,Баштанський районний суд Миколаївської області,54,миколаївська
252,Корецький районний суд Рівненської області,53,рівненська
253,Синельниківський міськрайонний суд Дніпропетровської області,53,дніпропетровська
254,Черняхівський районний суд Житомирської області,53,житомирська
255,Городоцький районний суд Львівської області,53,львівська
256,П'ятихатський районний суд Дніпропетровської області,53,дніпропетровська
257,Білокуракинський районний суд Луганської області,53,луганська
258,Путивльський районний суд Сумської області,53,сумська
259,Апеляційний суд Житомирської області,52,житомирська
260,Вільнянський районний суд Запорізької області,52,запорізька
261,Троїцький районний суд Луганської області,52,луганська
262,Овруцький районний суд Житомирської області,52,житомирська
263,Бережанський районний суд Тернопільської області,52,тернопільська
264,Заліщицький районний суд Тернопільської області,52,тернопільська
265,Бучацький районний суд Тернопільської області,52,тернопільська
266,Обухівський районний суд Київської області,52,київська
267,Садгірський районний суд м. Чернівців,52,чернівецька
268,Кіровоградський районний суд Кіровоградської області,51,кіровоградська
269,Апеляційний суд Херсонської області,51,херсонська
270,Бродівський районний суд Львівської області,51,львівська
271,Апеляційний суд Миколаївської області,51,миколаївська
272,Первомайський міськрайонний суд Харківської області,51,харківська
273,Глухівський міськрайонний суд Сумської області,51,сумська
274,Покровський районний суд Дніпропетровської області,50,дніпропетровська
275,Ріпкинський районний суд Чернігівської області,50,чернігівська
276,Лебединський районний суд Сумської області,50,сумська
277,Дарницький районний суд м. Києва,49,київ
278,Вижницький районний суд Чернівецької області,49,чернівецька
279,Маньківський районний суд Черкаської області,49,черкаська
280,Монастирищенський районний суд Черкаської області,49,черкаська
281,Богодухівський районний суд Харківської області,49,харківська
282,Компаніївський районний суд Кіровоградської області,48,кіровоградська
283,Перечинський районний суд Закарпатської області,48,закарпатська
284,Михайлівський районний суд Запорізької області,48,запорізька
285,Великомихайлівський районний суд Одеської області,48,одеська
286,Корольовський районний суд м. Житомира,48,житомирська
287,Рокитнівський районний суд Рівненської області,48,рівненська
288,Шумський районний суд Тернопільської області,48,тернопільська
289,Голованівський районний суд Кіровоградської області,48,кіровоградська
290,Міжгірський районний суд Закарпатської області,48,закарпатська
291,Козятинський міськрайонний суд Вінницької області,48,вінницька
292,Апеляційний суд Хмельницької області,48,хмельницька
293,Житомирський районний суд Житомирської області,47,житомирська
294,Орджонікідзевський районний суд м. Харкова,47,харківська
295,Любашівський районний суд Одеської області,47,одеська
296,Ярмолинецький районний суд Хмельницької області,47,хмельницька
297,Первомайський міськрайонний суд Миколаївської області,47,миколаївська
298,Котовський міськрайонний суд Одеської області,47,одеська
299,Оболонський районний суд м. Києва,47,київ
300,Бородянський районний суд Київської області,47,київська
301,Лозівський міськрайонний суд Харківської області,47,харківська
302,Шполянський районний суд Черкаської області,46,черкаська
303,Золочівський районний суд Харківської області,46,харківська
304,Підволочиський районний суд Тернопільської області,46,тернопільська
305,Петриківський районний суд Дніпропетровської області,46,дніпропетровська
306,Глобинський районний суд Полтавської області,46,полтавська
307,Білогірський районний суд Хмельницької області,46,хмельницька
308,Острозький районний суд Рівненської області,45,рівненська
309,Сосницький районний суд Чернігівської області,45,чернігівська
310,Васильківський міськрайонний суд Київської області,45,київська
311,Веселинівський районний суд Миколаївської області,45,миколаївська
312,Краснопільський районний суд Сумської області,45,сумська
313,Жмеринський міськрайонний суд Вінницької області,45,вінницька
314,Іллічівський міський суд Одеської області,45,одеська
315,Великописарівський районний суд Сумської області,44,сумська
316,Львівський апеляційний суд,44,львівська
317,Орджонікідзевський районний суд м. Маріуполя,44,донецька
318,Чигиринський районний суд Черкаської області,43,черкаська
319,Радехівський районний суд Львівської області,43,львівська
320,Апеляційний суд Сумської області,43,сумська
321,Довгинцівський районний суд м. Кривого Рогу,43,дніпропетровська
322,Врадіївський районний суд Миколаївської області,43,миколаївська
323,Володимирецький районний суд Рівненської області,43,рівненська
324,Городищенський районний суд Черкаської області,43,черкаська
325,Бериславський районний суд Херсонської області,43,херсонська
326,Апостолівський районний суд Дніпропетровської області,42,дніпропетровська
327,Татарбунарський районний суд Одеської області,42,одеська
328,Суворовський районний суд м. Одеси,42,одеська
329,Бобринецький районний суд Кіровоградської області,42,кіровоградська
330,Монастириський районний суд Тернопільської області,41,тернопільська
331,Чемеровецький районний суд Хмельницької області,41,хмельницька
332,Полонський районний суд Хмельницької області,41,хмельницька
333,Макарівський районний суд Київської області,41,київська
334,Звенигородський районний суд Черкаської області,41,черкаська
335,Заводський районний суд м. Миколаєва,41,миколаївська
336,Ленінський районний суд м. Полтави,41,полтавська
337,Ленінський районний суд м. Севастополя,41,крим
338,Миколаївський районний суд Миколаївської області,41,миколаївська
339,Гайсинський районний суд Вінницької області,41,вінницька
340,Підгаєцький районний суд Тернопільської області,41,тернопільська
341,Ірпінський міський суд Київської області,40,київська
342,Голосіївський районний суд м. Києва,40,київ
343,Снятинський районний суд Івано-Франківської області,40,івано-Франківська
344,Апеляційний суд Луганської області,40,луганська
345,Заводський районний суд м. Дніпродзержинська,40,дніпропетровська
346,Кремінський районний суд Луганської області,40,луганська
347,Новокаховський міський суд Херсонської області,40,херсонська
348,Очаківський міськрайонний суд Миколаївської області,40,миколаївська
349,Дубенський міськрайонний суд Рівненської області,40,рівненська
350,Франківський районний суд м. Львова,40,львівська
351,Середино-Будський районний суд Сумської області,40,сумська
352,Диканський районний суд Полтавської області,39,полтавська
353,Рубіжанський міський суд Луганської області,39,луганська
354,Центральний районний суд м. Сімферополя,39,крим
355,Першотравневий районний суд Донецької області,39,донецька
356,Межівський районний суд Дніпропетровської області,39,дніпропетровська
357,Пологівський районний суд Запорізької області,39,запорізька
358,Жовтневий районний суд м. Кривого Рогу,39,дніпропетровська
359,Сахновщинський районний суд Харківської області,39,харківська
360,Хмільницький міськрайонний суд Вінницької області,39,вінницька
361,Тульчинський районний суд Вінницької області,39,вінницька
362,Бахмацький районний суд Чернігівської області,39,чернігівська
363,Шевченківський районний суд м. Запоріжжя,39,запорізька
364,Новгородківський районний суд Кіровоградської області,39,кіровоградська
365,Камінь-Каширський районний суд Волинської області,39,волинська
366,Южноукраїнський міський суд Миколаївської області,39,миколаївська
367,Апеляційний суд Автономної Республіки Крим,39,крим
368,Софіївський районний суд Дніпропетровської області,38,дніпропетровська
369,Зміївський районний суд Харківської області,38,харківська
370,Кілійський районний суд Одеської області,38,одеська
371,Шевченківський районний суд Харківської області,38,харківська
372,Смілянський міськрайонний суд Черкаської області,38,черкаська
373,Попільнянський районний суд Житомирської області,38,житомирська
374,Іллінецький районний суд Вінницької області,38,вінницька
375,Березівський районний суд Одеської області,38,одеська
376,Липоводолинський районний суд Сумської області,38,сумська
377,Апеляційний суд Тернопільської області,38,тернопільська
378,Кобеляцький районний суд Полтавської області,37,полтавська
379,Краснолиманський міський суд Донецької області,37,донецька
380,Драбівський районний суд Черкаської області,37,черкаська
381,Віньковецький районний суд Хмельницької області,37,хмельницька
382,Київський районний суд м. Сімферополя,37,київська
383,Старосинявський районний суд Хмельницької області,37,хмельницька
384,Овідіопольський районний суд Одеської області,37,одеська
385,Тростянецький районний суд Сумської області,37,сумська
386,Мар'їнський районний суд Донецької області,37,донецька
387,Тиврівський районний суд Вінницької області,37,вінницька
388,Чаплинський районний суд Херсонської області,37,херсонська
389,Балтський районний суд Одеської області,37,одеська
390,Тернівський районний суд м. Кривого Рогу,37,дніпропетровська
391,Барський районний суд Вінницької області,37,вінницька
392,Петрівський районний суд Кіровоградської області,36,кіровоградська
393,Токмацький районний суд Запорізької області,36,запорізька
394,Нововолинський міський суд Волинської області,36,волинська
395,Буринський районний суд Сумської області,36,сумська
396,Добровеличківський районний суд Кіровоградської області,36,кіровоградська
397,Кременчуцький районний суд Полтавської області,36,полтавська
398,Таращанський районний суд Київської області,36,київська
399,Тарутинський районний суд Одеської області,36,одеська
400,Коростенський міськрайонний суд Житомирської області,36,житомирська
401,Куйбишевський районний суд Запорізької області,36,запорізька
402,Перемишлянський районний суд Львівської області,36,львівська
403,Верховинський районний суд Івано-Франківської області,36,івано-Франківська
404,Арцизький районний суд Одеської області,36,одеська
405,Близнюківський районний суд Харківської області,36,харківська
406,Коростишівський районний суд Житомирської області,36,житомирська
407,Бершадський районний суд Вінницької області,36,вінницька
408,Недригайлівський районний суд Сумської області,35,сумська
409,Марківський районний суд Луганської області,35,луганська
410,Апеляційний суд Чернівецької області,35,чернівецька
411,Деснянський районний суд м. Києва,35,київ
412,Немирівський районний суд Вінницької області,35,вінницька
413,Веселівський районний суд Запорізької області,35,запорізька
414,Кролевецький районний суд Сумської області,35,сумська
415,Демидівський районний суд Рівненської області,35,рівненська
416,Томашпільський районний суд Вінницької області,35,вінницька
417,Іванівський районний суд Одеської області,34,одеська
418,Якимівський районний суд Запорізької області,34,запорізька
419,Іваничівський районний суд Волинської області,34,волинська
420,Воловецький районний суд Закарпатської області,34,закарпатська
421,Гуляйпільський районний суд Запорізької області,34,запорізька
422,Снігурівський районний суд Миколаївської області,34,миколаївська
423,Гайворонський районний суд Кіровоградської області,34,кіровоградська
424,Дворічанський районний суд Харківської області,34,харківська
425,Апеляційний суд Запорізької області,34,запорізька
426,Борівський районний суд Харківської області,34,харківська
427,Гагарінський районний суд м. Севастополя,33,крим
428,Фастівський міськрайонний суд Київської області,33,київська
429,Валківський районний суд Харківської області,33,харківська
430,Корюківський районний суд Чернігівської області,33,чернігівська
431,Срібнянський районний суд Чернігівської області,33,чернігівська
432,Борзнянський районний суд Чернігівської області,33,чернігівська
433,Іванівський районний суд Херсонської області,33,херсонська
434,Гощанський районний суд Рівненської області,33,рівненська
435,Приазовський районний суд Запорізької області,33,запорізька
436,Малинський районний суд Житомирської області,33,житомирська
437,Шаргородський районний суд Вінницької області,33,вінницька
438,Великоолександрівський районний суд Херсонської області,33,херсонська
439,Млинівський районний суд Рівненської області,32,рівненська
440,Томаківський районний суд Дніпропетровської області,32,дніпропетровська
441,Романівський районний суд Житомирської області,32,житомирська
442,Болградський районний суд Одеської області,32,одеська
443,Березнегуватський районний суд Миколаївської області,32,миколаївська
444,Краснокутський районний суд Харківської області,32,харківська
445,Червонозаводський районний суд м. Харкова,32,харківська
446,Дніпровський районний суд м. Києва,32,дніпропетровська
447,Каланчацький районний суд Херсонської області,31,херсонська
448,Дніпровський районний суд м. Херсона,31,херсонська
449,Ставищенський районний суд Київської області,31,київська
450,Центрально-Міський районний суд м. Горлівки,31,донецька
451,Козельщинський районний суд Полтавської області,31,полтавська
452,Баранівський районний суд Житомирської області,31,житомирська
453,Жовтневий районний суд Миколаївської області,30,миколаївська
454,Нововоронцовський районний суд Херсонської області,30,херсонська
455,Долинський районний суд Кіровоградської області,30,кіровоградська
456,Миронівський районний суд Київської області,30,київська
457,Варвинський районний суд Чернігівської області,30,чернігівська
458,Новоушицький районний суд Хмельницької області,30,хмельницька
459,Чутівський районний суд Полтавської області,30,полтавська
460,Жашківський районний суд Черкаської області,30,черкаська
461,Турійський районний суд Волинської області,30,волинська
462,Інгулецький районний суд м. Кривого Рогу,30,дніпропетровська
463,Локачинський районний суд Волинської області,30,волинська
464,Калинівський районний суд Вінницької області,29,вінницька
465,Кам'янський районний суд Черкаської області,29,черкаська
466,Радивилівський районний суд Рівненської області,29,рівненська
467,Переяслав-Хмельницький міськрайонний суд Київської області,29,київська
468,Апеляційний суд Рівненської області,29,рівненська
469,Сквирський районний суд Київської області,28,київська
470,Новоодеський районний суд Миколаївської області,28,миколаївська
471,Тальнівський районний суд Черкаської області,28,черкаська
472,Харцизький міський суд Донецької області,28,донецька
473,Євпаторійський міський суд Автономної Республіки Крим,28,крим
474,Любарський районний суд Житомирської області,28,житомирська
475,Новоархангельський районний суд Кіровоградської області,28,кіровоградська
476,Катеринопільський районний суд Черкаської області,28,черкаська
477,Великоберезнянський районний суд Закарпатської області,28,закарпатська
478,Липовецький районний суд Вінницької області,28,вінницька
479,Ленінський районний суд м. Вінниці,28,вінницька
480,Корабельний районний суд м. Миколаєва,28,миколаївська
481,Летичівський районний суд Хмельницької області,28,хмельницька
482,Менський районний суд Чернігівської області,28,чернігівська
483,Кагарлицький районний суд Київської області,27,київська
484,Апеляційний суд Закарпатської області,27,закарпатська
485,Нахімовський районний суд м. Севастополя,27,крим
486,Андрушівський районний суд Житомирської області,27,житомирська
487,Кегичівський районний суд Харківської області,27,харківська
488,Корсунь-Шевченківський районний суд Черкаської області,27,черкаська
489,Рогатинський районний суд Івано-Франківської області,27,івано-Франківська
490,Єланецький районний суд Миколаївської області,27,миколаївська
491,Юр'ївський районний суд Дніпропетровської області,27,дніпропетровська
492,Ялтинський міський суд Автономної Республіки Крим,27,крим
493,Яремчанський міський суд Івано-Франківської області,27,івано-Франківська
494,Семенівський районний суд Чернігівської області,27,чернігівська
495,Решетилівський районний суд Полтавської області,26,полтавська
496,Турківський районний суд Львівської області,26,львівська
497,Великолепетиський районний суд Херсонської області,26,херсонська
498,Оратівський районний суд Вінницької області,26,вінницька
499,Старовижівський районний суд Волинської області,26,волинська
500,Великобурлуцький районний суд Харківської області,26,волинська
501,Залізничний районний суд м. Сімферополя,26,крим
502,Ленінський районний суд м. Луганськ,26,луганська
503,Гребінківський районний суд Полтавської області,26,полтавська
504,Ширяївський районний суд Одеської області,26,одеська
505,Нижньосірогозький районний суд Херсонської області,26,херсонська
506,Барвінківський районний суд Харківської області,25,харківська
507,Зачепилівський районний суд Харківської області,25,харківська
508,Чернігівський районний суд Запорізької області,25,чернігівська
509,Комсомольський районний суд м. Херсона,25,херсонська
510,Перевальський районний суд Луганської області,25,луганська
511,Устинівський районний суд Кіровоградської області,25,кіровоградська
512,Чернігівський апеляційний суд,25,чернігівська
513,Володарський районний суд Київської області,25,київська
514,Апеляційний суд м. Києва,25,київ
515,Горностаївський районний суд Херсонської області,25,херсонська
516,Світловодський міськрайонний суд Кіровоградської області,25,кіровоградська
517,Богуславський районний суд Київської області,25,київська
518,Ровеньківський міський суд Луганської області,24,луганська
519,Любешівський районний суд Волинської області,24,волинська
520,Керченський міський суд Автономної Республіки Крим,24,крим
521,Погребищенський районний суд Вінницької області,24,вінницька
522,Київський районний суд м. Донецька,24,київська
523,Солонянський районний суд Дніпропетровської області,24,дніпропетровська
524,Тетіївський районний суд Київської області,24,київська
525,Тернопільський апеляційний суд,24,тернопільська
526,Нововодолазький районний суд Харківської області,24,харківська
527,Новосанжарський районний суд Полтавської області,24,полтавська
528,Алуштинський міський суд Автономної Республіки Крим,24,крим
529,Піщанський районний суд Вінницької області,23,вінницька
530,Березанський районний суд Миколаївської області,23,миколаївська
531,Крижопільський районний суд Вінницької області,23,вінницька
532,Щорський районний суд Чернігівської області,23,чернігівська
533,Васильківський районний суд Дніпропетровської області,23,дніпропетровська
534,Красноградський районний суд Харківської області,23,харківська
535,Літинський районний суд Вінницької області,23,вінницька
536,Кодимський районний суд Одеської області,23,одеська
537,Ульяновський районний суд Кіровоградської області,23,кіровоградська
538,Арбузинський районний суд Миколаївської області,23,миколаївська
539,Новомиколаївський районний суд Запорізької області,23,запорізька
540,Казанківський районний суд Миколаївської області,22,миколаївська
541,Теплицький районний суд Вінницької області,22,вінницька
542,Феодосійський міський суд Автономної Республіки Крим,22,крим
543,Кам'янка-Бузький районний суд Львівської області,22,львівська
544,Жовтоводський міський суд Дніпропетровської області,22,дніпропетровська
545,Сімферопольський районний суд Автономної Республіки Крим,22,крим
546,Братський районний суд Миколаївської області,22,миколаївська
547,Новобузький районний суд Миколаївської області,22,миколаївська
548,Чорнобаївський районний суд Черкаської області,22,черкаська
549,Хмельницький апеляційний суд,21,хмельницька
550,Брусилівський районний суд Житомирської області,21,житомирська
551,Новгород-Сіверський районний суд Чернігівської області,21,чернігівська
552,Баришівський районний суд Київської області,21,київська
553,Радомишльський районний суд Житомирської області,21,житомирська
554,Широківський районний суд Дніпропетровської області,21,дніпропетровська
555,Ананьївський районний суд Одеської області,21,одеська
556,Димитровський міський суд Донецької області,21,донецька
557,Полтавський апеляційний суд,21,полтавська
558,Одеський апеляційний суд,21,одеська
559,Савранський районний суд Одеської області,20,одеська
560,Володарський районний суд Донецької області,20,донецька
561,Носівський районний суд Чернігівської області,20,чернігівська
562,Шишацький районний суд Полтавської області,20,полтавська
563,Апеляційний суд Івано-Франківської області,20,івано-Франківська
564,Заводський районний суд м. Запоріжжя,20,запорізька
565,Шацький районний суд Волинської області,19,волинська
566,Зіньківський районний суд Полтавської області,19,полтавська
567,Олександрівський районний суд Донецької області,19,донецька
568,Лохвицький районний суд Полтавської області,19,полтавська
569,Великобілозерський районний суд Запорізької області,19,запорізька
570,Комсомольський міський суд Полтавської області,19,полтавська
571,Володарсько-Волинський районний суд Житомирської області,19,волинська
572,Свалявський районний суд Закарпатської області,19,закарпатська
573,Антрацитівський міськрайонний суд Луганської області,18,луганська
574,Трускавецький міський суд Львівської області,18,львівська
575,Чернівецький районний суд Вінницької області,18,чернівецька
576,Балаклавський районний суд м. Севастополя,18,крим
577,Оржицький районний суд Полтавської області,18,полтавська
578,Кіровський міський суд Луганської області,18,луганська
579,Кузнецовський міський суд Рівненської області,18,рівненська
580,Хорольський районний суд Полтавської області,18,полтавська
581,Зарічненський районний суд Рівненської області,18,рівненська
582,Хортицький районний суд м. Запоріжжя,18,запорізька
583,Ємільчинський районний суд Житомирської області,18,житомирська
584,Першотравенський міський суд Дніпропетровської області,17,дніпропетровська
585,Краснодонський міськрайонний суд Луганської області,17,луганська
586,Ладижинський міський суд Вінницької області,17,вінницька
587,Коропський районний суд Чернігівської області,17,чернігівська
588,Вищий спеціалізований суд України,17,вищий спеціалізований суд україни
589,Куйбишевський районний суд м. Донецька,17,донецька
590,Кіровський районний суд м. Донецька,17,донецька
591,Царичанський районний суд Дніпропетровської області,17,дніпропетровська
592,Запорізький апеляційний суд,17,запорізька
593,Високопільський районний суд Херсонської області,17,херсонська
594,Дружківський міський суд Донецької області,16,донецька
595,Волинський апеляційний суд,16,волинська
596,Тростянецький районний суд Вінницької області,16,вінницька
597,Калінінський районний суд м. Донецька,16,донецька
598,Харківський апеляційний суд,16,харківська
599,Закарпатський апеляційний суд,16,закарпатська
600,Лугинський районний суд Житомирської області,16,житомирська
601,Червоногвардійський районний суд м. Макіївки,16,донецька
602,Кривоозерський районний суд Миколаївської області,15,дніпропетровська
603,Розівський районний суд Запорізької області,15,запорізька
604,Верхньорогачицький районний суд Херсонської області,15,херсонська
605,Шахтарський міськрайонний суд Донецької області,15,донецька
606,Миколаївський районний суд Одеської області,15,миколаївська
607,Южний міський суд Одеської області,15,одеська
608,Карлівський районний суд Полтавської області,15,полтавська
609,Чернівецький апеляційний суд,15,чернівецька
610,Ворошиловський районний суд м. Донецька,14,донецька
611,Печенізький районний суд Харківської області,14,харківська
612,Торезький міський суд Донецької області,14,донецька
613,Сакський міськрайонний суд Автономної Республіки Крим,14,крим
614,Джанкойський міськрайонний суд Автономної Республіки Крим,14,крим
615,Лисянський районний суд Черкаської області,14,черкаська
616,Доманівський районний суд Миколаївської області,14,миколаївська
617,Бобровицький районний суд Чернігівської області,14,чернігівська
618,Міловський районний суд Луганської області,13,луганська
619,Апеляційна палата Вищого антикорупційного суду,13,апеляційна палата вищого антикорупційного суду
620,Мурованокуриловецький районний суд Вінницької області,13,вінницька
621,Згурівський районний суд Київської області,13,київська
622,Яготинський районний суд Київської області,13,київська
623,Вінницький апеляційний суд,13,вінницька
624,Вищий антикорупційний суд,13,вищий антикорупційний суд
625,Вільшанський районний суд Кіровоградської області,13,кіровоградська
626,Красноокнянський районний суд Одеської області,13,одеська
627,Машівський районний суд Полтавської області,13,полтавська
628,Марганецький міський суд Дніпропетровської області,13,дніпропетровська
629,Березанський міський суд Київської області,13,київська
630,Саратський районний суд Одеської області,13,одеська
631,Червоноармійський районний суд Житомирської області,13,житомирська
632,Коломацький районний суд Харківської області,13,харківська
633,Білогірський районний суд Автономної Республіки Крим,13,крим
634,Рокитнянський районний суд Київської області,13,київська
635,Красноперекопський міськрайонний суд Автономної Республіки Крим,13,крим
636,Орджонікідзевський міський суд Дніпропетровської області,13,дніпропетровська
637,Котелевський районний суд Полтавської області,13,полтавська
638,Чуднівський районний суд Житомирської області,13,житомирська
639,Ватутінський міський суд Черкаської області,13,черкаська
640,Первомайський районний суд Автономної Республіки Крим,13,крим
641,Лутугинський районний суд Луганської області,12,луганська
642,Краснолуцький міський суд Луганської області,12,волинська
643,Чорноморський районний суд Автономної Республіки Крим,12,крим
644,Чорнухинський районний суд Полтавської області,12,полтавська
645,Славутицький міський суд Київської області,12,київська
646,Кропивницький апеляційний суд,12,кіровоградська
647,Чечельницький районний суд Вінницької області,11,вінницька
648,Сумський апеляційний суд,11,сумська
649,Херсонський апеляційний суд,11,херсонська
650,Христинівський районний суд Черкаської області,11,черкаська
651,Житомирський апеляційний суд,11,житомирська
652,Ясинуватський міськрайонний суд Донецької області,11,донецька
653,Миколаївський апеляційний суд,11,миколаївська
654,Калінінський районний суд м. Горлівки,11,донецька
655,Олевський районний суд Житомирської області,11,житомирська
656,Сніжнянський міський суд Донецької області,11,донецька
657,Куликівський районний суд Чернігівської області,11,чернігівська
658,Онуфріївський районний суд Кіровоградської області,11,кіровоградська
659,Вільногірський міський суд Дніпропетровської області,10,дніпропетровська
660,Микитівський районний суд м. Горлівки,10,донецька
661,Бориславський міський суд Львівської області,10,львівська
662,Вугледарський міський суд Донецької області,10,донецька
663,Новомосковський міськрайонний суд Дніпропетровського області,10,дніпропетровська
664,Донецький апеляційний суд,10,донецька
665,Кіровський райсуд м. Кіровограда,10,кіровоградська
666,Нетішинський міський суд Хмельницької області,10,хмельницька
667,Люботинський міський суд Харківської області,10,харківська
668,Судацький міський суд Автономної Республіки Крим,9,крим
669,Луганський апеляційний суд,9,луганська
670,Красногвардійський районний суд Автономної Республіки Крим,9,крим
671,Амвросіївський районний суд Донецької області,9,донецька
672,Ренійський районний суд Одеської області,9,одеська
673,Свердловський міський суд Луганської області,9,луганська
674,Алчевський міський суд Луганської області,8,луганська
675,Апеляційний суд м. Севастополя,8,крим
676,Новогродівський міський суд Донецької області,8,донецька
677,Ржищівський міський суд Київської області,8,київська
678,Ленінський районний суд м. Донецька,8,донецька
679,Талалаївський районний суд Чернігівської області,8,чернігівська
680,Замостянський районний суд м. Вінниці,8,вінницька
681,Болехівський міський суд Івано-Франківської області,8,івано-Франківська
682,Станично-Луганський районний суд Луганської області,8,луганська
683,Петровський районний суд м. Донецька,8,донецька
684,Гірницький районний суд м. Макіївки,7,донецька
685,Рівненський апеляційний суд,7,рівненська
686,Кіровський міський суд Донецької області,7,донецька
687,Кремінський районний суд в Луганській області,7,луганська
688,Роздольненський районний суд Автономної Республіки Крим,6,крим
689,Артемівський районний суд м. Луганська,6,луганська
690,Черкаський апеляційний суд,6,черкаська
691,Народицький районний суд Житомирської області,6,житомирська
692,Кам'янобрідський районний суд м. Луганська,6,луганська
693,Тельманівський районний суд Донецької області,6,донецька
694,Єнакіївський міський суд Донецької області,6,донецька
695,Семенівський районний суд Полтавської області,5,полтавська
696,Кіровський районний суд АРК,5,крим
697,Староміський районний суд м. Вінниці,5,вінницька
698,Брянківський міський суд Луганської області,5,луганська
699,Бахчисарайський районний суд Автономної Республіки Крим,5,крим
700,Апеляційний суд Автономної Республіки Крим (м. Феодосія),5,крим
701,Совєтський районний суд м. Макіївки,5,донецька
702,Авдіївський міський суд Донецької області,4,донецька
703,Первомайський міський суд Луганської області,4,луганська
704,Жданівський міський суд Донецької області,4,донецька
705,Кіровський районний суд м. Макіївки,4,донецька
706,Совєтський районний суд Автономної Республіки Крим,4,крим
707,Новодністровський міський суд Чернівецької області,4,чернівецька
708,Теплодарський міський суд Одеської області,4,одеська
709,Нижньогірський районний суд Автономної Ремпубліки Крим,4,крим
710,Новомиргородського районного суду Кіровоградської області,4,кіровоградська
711,Будьоннівський районний суд м. Донецька,4,донецька
712,Центрально-Міський районний суд м. Макіївка,3,донецька
713,Старобешівський районний суд Донецької області,3,донецька
714,Київський апеляційний суд,3,київська
715,Пролетарський районний суд м. Донецька,3,донецька
716,Красногвардійський районний суд АР Крим,3,крим
717,Дебальцевський міський суд Донецької області,3,донецька
718,Стахановський міський суд Луганської області,3,луганська
719,Центрально-міський районний суд м. Горлівки Донецької області,3,донецька
720,Локачинський районний суд у Волинській області,2,волинська
721,Ленінський районний суд м. Миколаєва Миколаївської області,2,миколаївська
722,Армянський міський суд Автономної Республіки Крим,2,крим
723,Нікітовський районний суд м. Горлівки,2,донецька
724,Новосанжарського районного суду Полтавської області,2,полтавська
725,Акімовський районний суд Запорізької області,2,запорізька
726,Івано-Франківський апеляційний суд,2,івано-Франківська
727,Нововоронцовськй районний суд Херсонської області,2,херсонська
728,Бердянський міськрайсуд Запорізької області,2,запорізька
729,Сколівського районного суду Львівської області,2,львівська
730,Ленінський районний суд Автономної Республіки Крим,2,крим
731,Слов'яносербський районний суд Луганської області,2,луганська
732,Кіровський районний суд Автономної Республіки Крим,2,крим
733,Жовтневий районний суд м. Луганська,2,луганська
734,Софіївський районний суду Дніпропетровської області,2,дніпропетровська
735,Докучаєвський міський суд Донецької області,2,донецька
736,Тернівський міський суд Дніпропетровської області,2,дніпропетровська
737,Слов'янського міськрайонного суду Донецької області,2,донецька
738,Кировский районний суд Автономної Республіки Крим,1,крим
739,Сватівський місцевий районний суд Луганскої області,1,луганська
740,Ворошиловський районний м. Донецька,1,донецька
741,Шевченківського районного суду м. Львова,1,львівська
742,Новомосковський міськрайонний суд Дніпропетровської,1,дніпропетровська
743,Касаційний кримінальний суд Верховного Суду,1,крим
744,Кам'ясько-Дніпровський районний суд Запорізької області,1,запорізька
745,Кам'янсько-Дніпровський районний суду Запорізької області,1,запорізька
746,Першотравневого районного суду м.Чернівці,1,чернівецька
747,Нижньосірогозького районного суду Херсонської області,1,херсонська
748,Мурованокуриловецьки районний суд Вінницької області,1,вінницька
749,Сумського районного суду Сумської області,1,сумська
750,Новоград-Волинський міськрайонний суд Житомирської,1,волинська
751,Новоград-Волинський міськрайонний суд Житомирська область,1,волинська
752,Дрогобицький міськрайонний суду Львівської області,1,львівська
753,Заводський районний суд м. Дніпродзержинська Дніпропетровської області,1,дніпропетровська
754,Нововоронцовський районний суду Херсонської області,1,херсонська
755,Новоазовського районного суду Донецької області,1,донецька
756,Тальнівського районного суду Черкаської області,1,черкаська
757,Миколаївського районного суду Львівської області,1,миколаївська
758,Київський районний суд Донецької області,1,київська
759,Київський райсуд м. Харкова,1,київська
760,Червоноармійський районний суд Донецької області,1,донецька
761,Крюківський райсуд м. Кременчука,1,полтавська
762,Ленінський районний суд у Автономної Республіки Крим,1,крим
763,Придніпровського районного суду м. Черкас,1,черкаська
764,Первомайський міськрайонний суду Харківської області,1,харківська
765,Білогірський районний суд АР Крим,1,крим
766,Павлоградський міськрайонний суд Діпропетровської області,1,дніпропетровська
767,Південний міський суд Одеської області,1,одеська
768,Радянський районний суд Автономної Республіки Крим,1,крим
769,Любарського районний суд Житомирської області,1,житомирська
770,Радянський районний суд м. Макіївки,1,донецька
771,Красноармійський міськрайонни суд Донецької області,1,донецька
772,Котовський міський районний суд Одеської області,1,одеська
773,Роздольненський районний суд АР Крим.,1,крим
774,Коломийський міськрайонний суд Івано-Франківській області,1,івано-Франківська
775,Магдалинівський районний Дніпропетровської області,1,дніпропетровська
776,Овруцького районного суду Житомирської області,1,житомирська
777,Рубіжанський суд Луганської області,1,луганська
778,Обухівського районного суду Київської області,1,київська
779,Козельщинський районний Полтавській області,1,полтавська
780,Ковельського міськрайонного суду Волинської області,1,волинська
781,Хорольського районного суду Полтавської області,1,полтавська
