punishmentStart,Column,type
2004-04-29,1,freq_sentence
2004-07-30,1,freq_sentence
2010-05-07,1,freq_sentence
2010-06-24,1,freq_sentence
2010-07-01,1,freq_sentence
2010-08-04,1,freq_sentence
2010-08-26,1,freq_sentence
2010-10-11,1,freq_sentence
2010-12-08,1,freq_sentence
2010-12-15,1,freq_sentence
2010-12-16,1,freq_sentence
2011-01-05,1,freq_sentence
2011-02-17,1,freq_sentence
2011-02-21,1,freq_sentence
2011-03-09,1,freq_sentence
2011-03-21,1,freq_sentence
2011-03-31,2,freq_sentence
2011-04-23,2,freq_sentence
2011-04-28,1,freq_sentence
2011-05-14,1,freq_sentence
2011-05-16,1,freq_sentence
2011-05-31,2,freq_sentence
2011-06-06,1,freq_sentence
2011-06-07,1,freq_sentence
2011-06-08,1,freq_sentence
2011-06-09,1,freq_sentence
2011-06-16,2,freq_sentence
2011-07-04,2,freq_sentence
2011-07-07,1,freq_sentence
2011-07-08,3,freq_sentence
2011-07-11,1,freq_sentence
2011-07-12,3,freq_sentence
2011-07-14,1,freq_sentence
2011-07-15,2,freq_sentence
2011-07-18,2,freq_sentence
2011-07-19,1,freq_sentence
2011-07-20,8,freq_sentence
2011-07-21,4,freq_sentence
2011-07-22,11,freq_sentence
2011-07-24,2,freq_sentence
2011-07-25,6,freq_sentence
2011-07-26,2,freq_sentence
2011-07-27,10,freq_sentence
2011-07-28,7,freq_sentence
2011-07-29,5,freq_sentence
2011-07-30,4,freq_sentence
2011-08-01,3,freq_sentence
2011-08-02,4,freq_sentence
2011-08-03,6,freq_sentence
2011-08-04,6,freq_sentence
2011-08-05,8,freq_sentence
2011-08-06,3,freq_sentence
2011-08-08,16,freq_sentence
2011-08-09,4,freq_sentence
2011-08-10,6,freq_sentence
2011-08-11,8,freq_sentence
2011-08-12,11,freq_sentence
2011-08-13,2,freq_sentence
2011-08-15,6,freq_sentence
2011-08-16,5,freq_sentence
2011-08-17,6,freq_sentence
2011-08-18,7,freq_sentence
2011-08-19,7,freq_sentence
2011-08-20,7,freq_sentence
2011-08-22,9,freq_sentence
2011-08-23,11,freq_sentence
2011-08-24,3,freq_sentence
2011-08-25,14,freq_sentence
2011-08-26,8,freq_sentence
2011-08-27,1,freq_sentence
2011-08-28,2,freq_sentence
2011-08-29,12,freq_sentence
2011-08-30,3,freq_sentence
2011-08-31,10,freq_sentence
2011-09-01,12,freq_sentence
2011-09-02,10,freq_sentence
2011-09-03,1,freq_sentence
2011-09-05,13,freq_sentence
2011-09-06,2,freq_sentence
2011-09-07,4,freq_sentence
2011-09-08,4,freq_sentence
2011-09-09,7,freq_sentence
2011-09-10,4,freq_sentence
2011-09-11,1,freq_sentence
2011-09-12,17,freq_sentence
2011-09-13,8,freq_sentence
2011-09-14,3,freq_sentence
2011-09-15,4,freq_sentence
2011-09-16,5,freq_sentence
2011-09-17,2,freq_sentence
2011-09-18,1,freq_sentence
2011-09-19,15,freq_sentence
2011-09-20,11,freq_sentence
2011-09-21,5,freq_sentence
2011-09-22,2,freq_sentence
2011-09-23,15,freq_sentence
2011-09-24,1,freq_sentence
2011-09-25,4,freq_sentence
2011-09-26,11,freq_sentence
2011-09-27,9,freq_sentence
2011-09-28,7,freq_sentence
2011-09-29,5,freq_sentence
2011-09-30,12,freq_sentence
2011-10-01,7,freq_sentence
2011-10-02,3,freq_sentence
2011-10-03,17,freq_sentence
2011-10-04,11,freq_sentence
2011-10-05,7,freq_sentence
2011-10-06,10,freq_sentence
2011-10-07,12,freq_sentence
2011-10-08,6,freq_sentence
2011-10-09,1,freq_sentence
2011-10-10,31,freq_sentence
2011-10-11,15,freq_sentence
2011-10-12,6,freq_sentence
2011-10-13,8,freq_sentence
2011-10-14,20,freq_sentence
2011-10-15,3,freq_sentence
2011-10-16,2,freq_sentence
2011-10-17,24,freq_sentence
2011-10-18,18,freq_sentence
2011-10-19,4,freq_sentence
2011-10-20,7,freq_sentence
2011-10-21,10,freq_sentence
2011-10-22,2,freq_sentence
2011-10-24,20,freq_sentence
2011-10-25,7,freq_sentence
2011-10-26,6,freq_sentence
2011-10-27,10,freq_sentence
2011-10-28,23,freq_sentence
2011-10-29,4,freq_sentence
2011-10-31,22,freq_sentence
2011-11-01,12,freq_sentence
2011-11-02,14,freq_sentence
2011-11-03,13,freq_sentence
2011-11-04,19,freq_sentence
2011-11-05,3,freq_sentence
2011-11-06,1,freq_sentence
2011-11-07,25,freq_sentence
2011-11-08,13,freq_sentence
2011-11-09,9,freq_sentence
2011-11-10,9,freq_sentence
2011-11-11,17,freq_sentence
2011-11-12,7,freq_sentence
2011-11-13,4,freq_sentence
2011-11-14,16,freq_sentence
2011-11-15,16,freq_sentence
2011-11-16,6,freq_sentence
2011-11-17,17,freq_sentence
2011-11-18,8,freq_sentence
2011-11-19,3,freq_sentence
2011-11-20,2,freq_sentence
2011-11-21,25,freq_sentence
2011-11-22,9,freq_sentence
2011-11-23,6,freq_sentence
2011-11-24,11,freq_sentence
2011-11-25,15,freq_sentence
2011-11-26,1,freq_sentence
2011-11-27,1,freq_sentence
2011-11-28,25,freq_sentence
2011-11-29,9,freq_sentence
2011-11-30,7,freq_sentence
2011-12-01,7,freq_sentence
2011-12-02,10,freq_sentence
2011-12-03,3,freq_sentence
2011-12-04,2,freq_sentence
2011-12-05,11,freq_sentence
2011-12-06,16,freq_sentence
2011-12-07,9,freq_sentence
2011-12-08,22,freq_sentence
2011-12-09,13,freq_sentence
2011-12-10,2,freq_sentence
2011-12-11,2,freq_sentence
2011-12-12,15,freq_sentence
2011-12-13,17,freq_sentence
2011-12-14,10,freq_sentence
2011-12-15,13,freq_sentence
2011-12-16,12,freq_sentence
2011-12-17,2,freq_sentence
2011-12-18,1,freq_sentence
2011-12-19,7,freq_sentence
2011-12-20,15,freq_sentence
2011-12-21,6,freq_sentence
2011-12-22,11,freq_sentence
2011-12-23,15,freq_sentence
2011-12-24,4,freq_sentence
2011-12-26,14,freq_sentence
2011-12-27,5,freq_sentence
2011-12-28,12,freq_sentence
2011-12-29,11,freq_sentence
2011-12-30,13,freq_sentence
2011-12-31,2,freq_sentence
2012-01-01,2,freq_sentence
2012-01-02,6,freq_sentence
2012-01-03,21,freq_sentence
2012-01-04,7,freq_sentence
2012-01-05,10,freq_sentence
2012-01-06,9,freq_sentence
2012-01-07,3,freq_sentence
2012-01-08,3,freq_sentence
2012-01-09,6,freq_sentence
2012-01-10,19,freq_sentence
2012-01-11,19,freq_sentence
2012-01-12,11,freq_sentence
2012-01-13,8,freq_sentence
2012-01-14,2,freq_sentence
2012-01-15,4,freq_sentence
2012-01-16,11,freq_sentence
2012-01-17,9,freq_sentence
2012-01-18,3,freq_sentence
2012-01-19,8,freq_sentence
2012-01-20,4,freq_sentence
2012-01-21,2,freq_sentence
2012-01-23,6,freq_sentence
2012-01-24,12,freq_sentence
2012-01-25,2,freq_sentence
2012-01-26,5,freq_sentence
2012-01-27,8,freq_sentence
2012-01-28,2,freq_sentence
2012-01-30,17,freq_sentence
2012-01-31,11,freq_sentence
2012-02-01,10,freq_sentence
2012-02-02,9,freq_sentence
2012-02-03,14,freq_sentence
2012-02-04,2,freq_sentence
2012-02-05,1,freq_sentence
2012-02-06,18,freq_sentence
2012-02-07,28,freq_sentence
2012-02-08,7,freq_sentence
2012-02-09,9,freq_sentence
2012-02-10,15,freq_sentence
2012-02-11,6,freq_sentence
2012-02-12,1,freq_sentence
2012-02-13,13,freq_sentence
2012-02-14,18,freq_sentence
2012-02-15,7,freq_sentence
2012-02-16,11,freq_sentence
2012-02-17,5,freq_sentence
2012-02-18,6,freq_sentence
2012-02-19,1,freq_sentence
2012-02-20,14,freq_sentence
2012-02-21,15,freq_sentence
2012-02-22,13,freq_sentence
2012-02-23,11,freq_sentence
2012-02-24,13,freq_sentence
2012-02-25,3,freq_sentence
2012-02-26,3,freq_sentence
2012-02-27,16,freq_sentence
2012-02-28,16,freq_sentence
2012-02-29,11,freq_sentence
2012-03-01,7,freq_sentence
2012-03-02,11,freq_sentence
2012-03-03,7,freq_sentence
2012-03-04,1,freq_sentence
2012-03-05,18,freq_sentence
2012-03-06,13,freq_sentence
2012-03-07,9,freq_sentence
2012-03-08,10,freq_sentence
2012-03-09,9,freq_sentence
2012-03-10,4,freq_sentence
2012-03-11,1,freq_sentence
2012-03-12,22,freq_sentence
2012-03-13,21,freq_sentence
2012-03-14,21,freq_sentence
2012-03-15,12,freq_sentence
2012-03-16,22,freq_sentence
2012-03-17,3,freq_sentence
2012-03-18,1,freq_sentence
2012-03-19,13,freq_sentence
2012-03-20,16,freq_sentence
2012-03-21,12,freq_sentence
2012-03-22,6,freq_sentence
2012-03-23,9,freq_sentence
2012-03-24,4,freq_sentence
2012-03-25,2,freq_sentence
2012-03-26,19,freq_sentence
2012-03-27,17,freq_sentence
2012-03-28,7,freq_sentence
2012-03-29,12,freq_sentence
2012-03-30,29,freq_sentence
2012-03-31,3,freq_sentence
2012-04-02,21,freq_sentence
2012-04-03,15,freq_sentence
2012-04-04,20,freq_sentence
2012-04-05,16,freq_sentence
2012-04-06,12,freq_sentence
2012-04-07,8,freq_sentence
2012-04-08,1,freq_sentence
2012-04-09,19,freq_sentence
2012-04-10,20,freq_sentence
2012-04-11,11,freq_sentence
2012-04-12,20,freq_sentence
2012-04-13,9,freq_sentence
2012-04-15,4,freq_sentence
2012-04-16,24,freq_sentence
2012-04-17,23,freq_sentence
2012-04-18,14,freq_sentence
2012-04-19,18,freq_sentence
2012-04-20,17,freq_sentence
2012-04-21,12,freq_sentence
2012-04-23,21,freq_sentence
2012-04-24,14,freq_sentence
2012-04-25,13,freq_sentence
2012-04-26,17,freq_sentence
2012-04-27,18,freq_sentence
2012-04-28,6,freq_sentence
2012-04-29,2,freq_sentence
2012-04-30,9,freq_sentence
2012-05-01,4,freq_sentence
2012-05-02,3,freq_sentence
2012-05-03,18,freq_sentence
2012-05-04,17,freq_sentence
2012-05-05,8,freq_sentence
2012-05-06,2,freq_sentence
2012-05-07,18,freq_sentence
2012-05-08,17,freq_sentence
2012-05-09,11,freq_sentence
2012-05-10,14,freq_sentence
2012-05-11,11,freq_sentence
2012-05-12,3,freq_sentence
2012-05-13,6,freq_sentence
2012-05-14,16,freq_sentence
2012-05-15,17,freq_sentence
2012-05-16,10,freq_sentence
2012-05-17,7,freq_sentence
2012-05-18,10,freq_sentence
2012-05-19,6,freq_sentence
2012-05-21,22,freq_sentence
2012-05-22,21,freq_sentence
2012-05-23,21,freq_sentence
2012-05-24,12,freq_sentence
2012-05-25,16,freq_sentence
2012-05-26,8,freq_sentence
2012-05-27,2,freq_sentence
2012-05-28,18,freq_sentence
2012-05-29,20,freq_sentence
2012-05-30,16,freq_sentence
2012-05-31,14,freq_sentence
2012-06-01,8,freq_sentence
2012-06-02,6,freq_sentence
2012-06-04,14,freq_sentence
2012-06-05,16,freq_sentence
2012-06-06,16,freq_sentence
2012-06-07,27,freq_sentence
2012-06-08,20,freq_sentence
2012-06-09,2,freq_sentence
2012-06-10,1,freq_sentence
2012-06-11,21,freq_sentence
2012-06-12,22,freq_sentence
2012-06-13,26,freq_sentence
2012-06-14,15,freq_sentence
2012-06-15,21,freq_sentence
2012-06-16,7,freq_sentence
2012-06-18,12,freq_sentence
2012-06-19,11,freq_sentence
2012-06-20,12,freq_sentence
2012-06-21,17,freq_sentence
2012-06-22,23,freq_sentence
2012-06-23,12,freq_sentence
2012-06-24,1,freq_sentence
2012-06-25,19,freq_sentence
2012-06-26,40,freq_sentence
2012-06-27,14,freq_sentence
2012-06-28,3,freq_sentence
2012-06-29,20,freq_sentence
2012-06-30,2,freq_sentence
2012-07-01,1,freq_sentence
2012-07-02,29,freq_sentence
2012-07-03,23,freq_sentence
2012-07-04,8,freq_sentence
2012-07-05,25,freq_sentence
2012-07-06,18,freq_sentence
2012-07-07,18,freq_sentence
2012-07-09,11,freq_sentence
2012-07-10,29,freq_sentence
2012-07-11,17,freq_sentence
2012-07-12,22,freq_sentence
2012-07-13,25,freq_sentence
2012-07-14,1,freq_sentence
2012-07-15,2,freq_sentence
2012-07-16,13,freq_sentence
2012-07-17,10,freq_sentence
2012-07-18,6,freq_sentence
2012-07-19,19,freq_sentence
2012-07-20,14,freq_sentence
2012-07-21,5,freq_sentence
2012-07-22,1,freq_sentence
2012-07-23,19,freq_sentence
2012-07-24,14,freq_sentence
2012-07-25,15,freq_sentence
2012-07-26,14,freq_sentence
2012-07-27,25,freq_sentence
2012-07-28,5,freq_sentence
2012-07-29,5,freq_sentence
2012-07-30,16,freq_sentence
2012-07-31,15,freq_sentence
2012-08-01,18,freq_sentence
2012-08-02,8,freq_sentence
2012-08-03,9,freq_sentence
2012-08-04,10,freq_sentence
2012-08-05,2,freq_sentence
2012-08-06,20,freq_sentence
2012-08-07,10,freq_sentence
2012-08-08,11,freq_sentence
2012-08-09,16,freq_sentence
2012-08-10,11,freq_sentence
2012-08-11,2,freq_sentence
2012-08-12,2,freq_sentence
2012-08-13,9,freq_sentence
2012-08-14,11,freq_sentence
2012-08-15,9,freq_sentence
2012-08-16,14,freq_sentence
2012-08-17,17,freq_sentence
2012-08-18,11,freq_sentence
2012-08-19,1,freq_sentence
2012-08-20,12,freq_sentence
2012-08-21,10,freq_sentence
2012-08-22,10,freq_sentence
2012-08-23,6,freq_sentence
2012-08-24,4,freq_sentence
2012-08-25,3,freq_sentence
2012-08-26,2,freq_sentence
2012-08-27,10,freq_sentence
2012-08-28,18,freq_sentence
2012-08-29,10,freq_sentence
2012-08-30,10,freq_sentence
2012-08-31,8,freq_sentence
2012-09-01,5,freq_sentence
2012-09-03,11,freq_sentence
2012-09-04,11,freq_sentence
2012-09-05,9,freq_sentence
2012-09-06,13,freq_sentence
2012-09-07,12,freq_sentence
2012-09-08,1,freq_sentence
2012-09-09,1,freq_sentence
2012-09-10,10,freq_sentence
2012-09-11,11,freq_sentence
2012-09-12,11,freq_sentence
2012-09-13,15,freq_sentence
2012-09-14,10,freq_sentence
2012-09-15,3,freq_sentence
2012-09-17,15,freq_sentence
2012-09-18,16,freq_sentence
2012-09-19,6,freq_sentence
2012-09-20,11,freq_sentence
2012-09-21,18,freq_sentence
2012-09-22,7,freq_sentence
2012-09-24,15,freq_sentence
2012-09-25,21,freq_sentence
2012-09-26,14,freq_sentence
2012-09-27,11,freq_sentence
2012-09-28,14,freq_sentence
2012-09-29,5,freq_sentence
2012-10-01,14,freq_sentence
2012-10-02,10,freq_sentence
2012-10-03,13,freq_sentence
2012-10-04,11,freq_sentence
2012-10-05,15,freq_sentence
2012-10-06,4,freq_sentence
2012-10-07,1,freq_sentence
2012-10-08,13,freq_sentence
2012-10-09,20,freq_sentence
2012-10-10,23,freq_sentence
2012-10-11,13,freq_sentence
2012-10-12,20,freq_sentence
2012-10-13,3,freq_sentence
2012-10-14,1,freq_sentence
2012-10-15,18,freq_sentence
2012-10-16,7,freq_sentence
2012-10-17,12,freq_sentence
2012-10-18,13,freq_sentence
2012-10-19,16,freq_sentence
2012-10-20,2,freq_sentence
2012-10-21,1,freq_sentence
2012-10-22,9,freq_sentence
2012-10-23,10,freq_sentence
2012-10-24,13,freq_sentence
2012-10-25,12,freq_sentence
2012-10-26,13,freq_sentence
2012-10-27,8,freq_sentence
2012-10-28,2,freq_sentence
2012-10-29,13,freq_sentence
2012-10-30,15,freq_sentence
2012-10-31,12,freq_sentence
2012-11-01,7,freq_sentence
2012-11-02,23,freq_sentence
2012-11-03,1,freq_sentence
2012-11-05,16,freq_sentence
2012-11-06,9,freq_sentence
2012-11-07,7,freq_sentence
2012-11-08,16,freq_sentence
2012-11-09,23,freq_sentence
2012-11-10,2,freq_sentence
2012-11-12,24,freq_sentence
2012-11-13,5,freq_sentence
2012-11-14,10,freq_sentence
2012-11-15,9,freq_sentence
2012-11-16,36,freq_sentence
2012-11-17,6,freq_sentence
2012-11-18,1,freq_sentence
2012-11-19,20,freq_sentence
2012-11-20,7,freq_sentence
2012-11-21,7,freq_sentence
2012-11-22,10,freq_sentence
2012-11-23,20,freq_sentence
2012-11-26,18,freq_sentence
2012-11-27,6,freq_sentence
2012-11-28,13,freq_sentence
2012-11-29,7,freq_sentence
2012-11-30,26,freq_sentence
2012-12-01,3,freq_sentence
2012-12-03,24,freq_sentence
2012-12-04,5,freq_sentence
2012-12-05,9,freq_sentence
2012-12-06,12,freq_sentence
2012-12-07,21,freq_sentence
2012-12-08,2,freq_sentence
2012-12-09,1,freq_sentence
2012-12-10,8,freq_sentence
2012-12-11,9,freq_sentence
2012-12-12,16,freq_sentence
2012-12-13,15,freq_sentence
2012-12-14,22,freq_sentence
2012-12-15,4,freq_sentence
2012-12-17,16,freq_sentence
2012-12-18,16,freq_sentence
2012-12-19,15,freq_sentence
2012-12-20,31,freq_sentence
2012-12-21,16,freq_sentence
2012-12-22,1,freq_sentence
2012-12-24,21,freq_sentence
2012-12-25,8,freq_sentence
2012-12-26,10,freq_sentence
2012-12-27,8,freq_sentence
2012-12-28,34,freq_sentence
2012-12-29,2,freq_sentence
2012-12-31,13,freq_sentence
2013-01-02,9,freq_sentence
2013-01-03,16,freq_sentence
2013-01-04,16,freq_sentence
2013-01-06,1,freq_sentence
2013-01-07,2,freq_sentence
2013-01-08,20,freq_sentence
2013-01-09,17,freq_sentence
2013-01-10,11,freq_sentence
2013-01-11,17,freq_sentence
2013-01-13,4,freq_sentence
2013-01-14,17,freq_sentence
2013-01-15,10,freq_sentence
2013-01-16,4,freq_sentence
2013-01-17,4,freq_sentence
2013-01-18,10,freq_sentence
2013-01-21,3,freq_sentence
2013-01-22,5,freq_sentence
2013-01-24,9,freq_sentence
2013-01-25,13,freq_sentence
2013-01-26,1,freq_sentence
2013-01-27,1,freq_sentence
2013-01-28,16,freq_sentence
2013-01-29,3,freq_sentence
2013-01-30,4,freq_sentence
2013-01-31,11,freq_sentence
2013-02-01,10,freq_sentence
2013-02-02,1,freq_sentence
2013-02-04,12,freq_sentence
2013-02-05,17,freq_sentence
2013-02-06,3,freq_sentence
2013-02-07,7,freq_sentence
2013-02-08,9,freq_sentence
2013-02-09,2,freq_sentence
2013-02-10,1,freq_sentence
2013-02-11,21,freq_sentence
2013-02-12,13,freq_sentence
2013-02-13,5,freq_sentence
2013-02-14,5,freq_sentence
2013-02-15,18,freq_sentence
2013-02-16,1,freq_sentence
2013-02-17,2,freq_sentence
2013-02-18,22,freq_sentence
2013-02-19,14,freq_sentence
2013-02-20,11,freq_sentence
2013-02-21,10,freq_sentence
2013-02-22,9,freq_sentence
2013-02-23,9,freq_sentence
2013-02-24,2,freq_sentence
2013-02-25,21,freq_sentence
2013-02-26,15,freq_sentence
2013-02-27,5,freq_sentence
2013-02-28,11,freq_sentence
2013-03-01,22,freq_sentence
2013-03-02,4,freq_sentence
2013-03-03,1,freq_sentence
2013-03-04,15,freq_sentence
2013-03-05,21,freq_sentence
2013-03-06,2,freq_sentence
2013-03-07,6,freq_sentence
2013-03-08,2,freq_sentence
2013-03-09,1,freq_sentence
2013-03-10,1,freq_sentence
2013-03-11,34,freq_sentence
2013-03-12,19,freq_sentence
2013-03-13,6,freq_sentence
2013-03-14,7,freq_sentence
2013-03-15,12,freq_sentence
2013-03-16,3,freq_sentence
2013-03-17,4,freq_sentence
2013-03-18,16,freq_sentence
2013-03-19,8,freq_sentence
2013-03-20,5,freq_sentence
2013-03-21,6,freq_sentence
2013-03-22,12,freq_sentence
2013-03-23,2,freq_sentence
2013-03-24,1,freq_sentence
2013-03-25,19,freq_sentence
2013-03-26,17,freq_sentence
2013-03-27,4,freq_sentence
2013-03-28,10,freq_sentence
2013-03-29,11,freq_sentence
2013-03-30,1,freq_sentence
2013-03-31,1,freq_sentence
2013-04-01,11,freq_sentence
2013-04-02,15,freq_sentence
2013-04-03,5,freq_sentence
2013-04-04,4,freq_sentence
2013-04-05,9,freq_sentence
2013-04-06,1,freq_sentence
2013-04-07,1,freq_sentence
2013-04-08,26,freq_sentence
2013-04-09,23,freq_sentence
2013-04-10,4,freq_sentence
2013-04-11,3,freq_sentence
2013-04-12,8,freq_sentence
2013-04-13,1,freq_sentence
2013-04-14,5,freq_sentence
2013-04-15,8,freq_sentence
2013-04-16,20,freq_sentence
2013-04-17,3,freq_sentence
2013-04-18,7,freq_sentence
2013-04-19,20,freq_sentence
2013-04-20,2,freq_sentence
2013-04-21,1,freq_sentence
2013-04-22,10,freq_sentence
2013-04-23,18,freq_sentence
2013-04-24,6,freq_sentence
2013-04-25,13,freq_sentence
2013-04-26,22,freq_sentence
2013-04-27,6,freq_sentence
2013-04-28,2,freq_sentence
2013-04-29,13,freq_sentence
2013-04-30,11,freq_sentence
2013-05-01,2,freq_sentence
2013-05-02,5,freq_sentence
2013-05-03,6,freq_sentence
2013-05-04,2,freq_sentence
2013-05-05,4,freq_sentence
2013-05-06,14,freq_sentence
2013-05-07,17,freq_sentence
2013-05-08,12,freq_sentence
2013-05-09,4,freq_sentence
2013-05-10,5,freq_sentence
2013-05-11,1,freq_sentence
2013-05-12,4,freq_sentence
2013-05-13,10,freq_sentence
2013-05-14,10,freq_sentence
2013-05-15,6,freq_sentence
2013-05-16,8,freq_sentence
2013-05-17,9,freq_sentence
2013-05-18,3,freq_sentence
2013-05-19,1,freq_sentence
2013-05-20,13,freq_sentence
2013-05-21,13,freq_sentence
2013-05-22,7,freq_sentence
2013-05-23,7,freq_sentence
2013-05-24,8,freq_sentence
2013-05-25,3,freq_sentence
2013-05-26,4,freq_sentence
2013-05-27,13,freq_sentence
2013-05-28,12,freq_sentence
2013-05-29,7,freq_sentence
2013-05-30,15,freq_sentence
2013-05-31,6,freq_sentence
2013-06-01,1,freq_sentence
2013-06-03,9,freq_sentence
2013-06-04,17,freq_sentence
2013-06-05,5,freq_sentence
2013-06-06,4,freq_sentence
2013-06-07,14,freq_sentence
2013-06-08,5,freq_sentence
2013-06-09,2,freq_sentence
2013-06-10,11,freq_sentence
2013-06-11,16,freq_sentence
2013-06-12,10,freq_sentence
2013-06-13,15,freq_sentence
2013-06-14,16,freq_sentence
2013-06-15,6,freq_sentence
2013-06-16,3,freq_sentence
2013-06-17,18,freq_sentence
2013-06-18,19,freq_sentence
2013-06-19,5,freq_sentence
2013-06-20,14,freq_sentence
2013-06-21,18,freq_sentence
2013-06-22,7,freq_sentence
2013-06-23,4,freq_sentence
2013-06-24,24,freq_sentence
2013-06-25,26,freq_sentence
2013-06-26,8,freq_sentence
2013-06-27,10,freq_sentence
2013-06-28,9,freq_sentence
2013-06-29,5,freq_sentence
2013-06-30,7,freq_sentence
2013-07-01,22,freq_sentence
2013-07-02,22,freq_sentence
2013-07-03,7,freq_sentence
2013-07-04,13,freq_sentence
2013-07-05,7,freq_sentence
2013-07-06,1,freq_sentence
2013-07-07,1,freq_sentence
2013-07-08,16,freq_sentence
2013-07-09,13,freq_sentence
2013-07-10,1,freq_sentence
2013-07-11,25,freq_sentence
2013-07-12,13,freq_sentence
2013-07-13,4,freq_sentence
2013-07-14,1,freq_sentence
2013-07-15,13,freq_sentence
2013-07-16,20,freq_sentence
2013-07-17,5,freq_sentence
2013-07-18,12,freq_sentence
2013-07-19,16,freq_sentence
2013-07-20,5,freq_sentence
2013-07-21,2,freq_sentence
2013-07-22,17,freq_sentence
2013-07-23,16,freq_sentence
2013-07-24,4,freq_sentence
2013-07-25,5,freq_sentence
2013-07-26,12,freq_sentence
2013-07-27,11,freq_sentence
2013-07-29,7,freq_sentence
2013-07-30,10,freq_sentence
2013-07-31,1,freq_sentence
2013-08-01,6,freq_sentence
2013-08-02,16,freq_sentence
2013-08-05,8,freq_sentence
2013-08-06,14,freq_sentence
2013-08-07,4,freq_sentence
2013-08-08,5,freq_sentence
2013-08-09,9,freq_sentence
2013-08-10,3,freq_sentence
2013-08-12,18,freq_sentence
2013-08-13,19,freq_sentence
2013-08-14,2,freq_sentence
2013-08-15,8,freq_sentence
2013-08-16,9,freq_sentence
2013-08-19,16,freq_sentence
2013-08-20,11,freq_sentence
2013-08-21,8,freq_sentence
2013-08-22,8,freq_sentence
2013-08-23,7,freq_sentence
2013-08-25,1,freq_sentence
2013-08-26,9,freq_sentence
2013-08-27,17,freq_sentence
2013-08-28,6,freq_sentence
2013-08-29,8,freq_sentence
2013-08-30,11,freq_sentence
2013-09-01,3,freq_sentence
2013-09-02,13,freq_sentence
2013-09-03,7,freq_sentence
2013-09-04,6,freq_sentence
2013-09-05,5,freq_sentence
2013-09-06,6,freq_sentence
2013-09-08,3,freq_sentence
2013-09-09,6,freq_sentence
2013-09-10,13,freq_sentence
2013-09-11,4,freq_sentence
2013-09-12,11,freq_sentence
2013-09-13,13,freq_sentence
2013-09-14,3,freq_sentence
2013-09-15,1,freq_sentence
2013-09-16,11,freq_sentence
2013-09-17,17,freq_sentence
2013-09-18,6,freq_sentence
2013-09-19,6,freq_sentence
2013-09-20,10,freq_sentence
2013-09-21,1,freq_sentence
2013-09-22,1,freq_sentence
2013-09-23,18,freq_sentence
2013-09-24,17,freq_sentence
2013-09-25,3,freq_sentence
2013-09-26,10,freq_sentence
2013-09-27,5,freq_sentence
2013-09-28,5,freq_sentence
2013-09-30,7,freq_sentence
2013-10-01,8,freq_sentence
2013-10-02,4,freq_sentence
2013-10-03,9,freq_sentence
2013-10-04,6,freq_sentence
2013-10-05,6,freq_sentence
2013-10-07,19,freq_sentence
2013-10-08,16,freq_sentence
2013-10-09,3,freq_sentence
2013-10-10,11,freq_sentence
2013-10-11,11,freq_sentence
2013-10-12,1,freq_sentence
2013-10-13,1,freq_sentence
2013-10-14,15,freq_sentence
2013-10-15,10,freq_sentence
2013-10-16,2,freq_sentence
2013-10-17,9,freq_sentence
2013-10-18,12,freq_sentence
2013-10-19,2,freq_sentence
2013-10-21,9,freq_sentence
2013-10-22,13,freq_sentence
2013-10-23,3,freq_sentence
2013-10-24,11,freq_sentence
2013-10-25,9,freq_sentence
2013-10-26,1,freq_sentence
2013-10-27,2,freq_sentence
2013-10-28,19,freq_sentence
2013-10-29,10,freq_sentence
2013-10-30,4,freq_sentence
2013-10-31,5,freq_sentence
2013-11-01,5,freq_sentence
2013-11-02,1,freq_sentence
2013-11-04,10,freq_sentence
2013-11-05,15,freq_sentence
2013-11-06,4,freq_sentence
2013-11-07,8,freq_sentence
2013-11-08,14,freq_sentence
2013-11-09,1,freq_sentence
2013-11-11,13,freq_sentence
2013-11-12,10,freq_sentence
2013-11-13,3,freq_sentence
2013-11-14,10,freq_sentence
2013-11-15,11,freq_sentence
2013-11-16,1,freq_sentence
2013-11-17,4,freq_sentence
2013-11-18,17,freq_sentence
2013-11-19,11,freq_sentence
2013-11-20,5,freq_sentence
2013-11-21,8,freq_sentence
2013-11-22,6,freq_sentence
2013-11-23,2,freq_sentence
2013-11-24,2,freq_sentence
2013-11-25,9,freq_sentence
2013-11-26,17,freq_sentence
2013-11-27,4,freq_sentence
2013-11-28,11,freq_sentence
2013-11-29,8,freq_sentence
2013-11-30,2,freq_sentence
2013-12-02,4,freq_sentence
2013-12-03,11,freq_sentence
2013-12-04,7,freq_sentence
2013-12-05,11,freq_sentence
2013-12-06,4,freq_sentence
2013-12-07,7,freq_sentence
2013-12-09,7,freq_sentence
2013-12-10,16,freq_sentence
2013-12-11,6,freq_sentence
2013-12-12,10,freq_sentence
2013-12-13,11,freq_sentence
2013-12-15,2,freq_sentence
2013-12-16,17,freq_sentence
2013-12-17,10,freq_sentence
2013-12-18,3,freq_sentence
2013-12-19,11,freq_sentence
2013-12-20,8,freq_sentence
2013-12-22,1,freq_sentence
2013-12-23,5,freq_sentence
2013-12-24,7,freq_sentence
2013-12-25,7,freq_sentence
2013-12-26,7,freq_sentence
2013-12-27,11,freq_sentence
2013-12-29,1,freq_sentence
2013-12-30,8,freq_sentence
2013-12-31,7,freq_sentence
2014-01-03,6,freq_sentence
2014-01-05,1,freq_sentence
2014-01-06,5,freq_sentence
2014-01-07,1,freq_sentence
2014-01-08,8,freq_sentence
2014-01-09,7,freq_sentence
2014-01-10,12,freq_sentence
2014-01-11,2,freq_sentence
2014-01-12,2,freq_sentence
2014-01-13,4,freq_sentence
2014-01-14,5,freq_sentence
2014-01-15,2,freq_sentence
2014-01-16,4,freq_sentence
2014-01-17,9,freq_sentence
2014-01-19,2,freq_sentence
2014-01-20,6,freq_sentence
2014-01-21,4,freq_sentence
2014-01-22,3,freq_sentence
2014-01-23,5,freq_sentence
2014-01-24,1,freq_sentence
2014-01-25,3,freq_sentence
2014-01-27,7,freq_sentence
2014-01-28,10,freq_sentence
2014-01-29,3,freq_sentence
2014-01-30,5,freq_sentence
2014-01-31,10,freq_sentence
2014-02-03,3,freq_sentence
2014-02-04,20,freq_sentence
2014-02-05,4,freq_sentence
2014-02-06,2,freq_sentence
2014-02-07,4,freq_sentence
2014-02-08,2,freq_sentence
2014-02-10,8,freq_sentence
2014-02-11,9,freq_sentence
2014-02-12,8,freq_sentence
2014-02-13,1,freq_sentence
2014-02-14,4,freq_sentence
2014-02-15,7,freq_sentence
2014-02-17,8,freq_sentence
2014-02-18,7,freq_sentence
2014-02-19,4,freq_sentence
2014-02-20,8,freq_sentence
2014-02-21,5,freq_sentence
2014-02-22,2,freq_sentence
2014-02-23,4,freq_sentence
2014-02-24,11,freq_sentence
2014-02-25,11,freq_sentence
2014-02-26,2,freq_sentence
2014-02-27,4,freq_sentence
2014-02-28,13,freq_sentence
2014-03-01,4,freq_sentence
2014-03-02,1,freq_sentence
2014-03-03,10,freq_sentence
2014-03-04,13,freq_sentence
2014-03-05,1,freq_sentence
2014-03-06,12,freq_sentence
2014-03-07,3,freq_sentence
2014-03-08,2,freq_sentence
2014-03-09,1,freq_sentence
2014-03-10,1,freq_sentence
2014-03-11,14,freq_sentence
2014-03-12,7,freq_sentence
2014-03-13,3,freq_sentence
2014-03-14,10,freq_sentence
2014-03-15,4,freq_sentence
2014-03-17,20,freq_sentence
2014-03-18,11,freq_sentence
2014-03-19,1,freq_sentence
2014-03-20,6,freq_sentence
2014-03-21,9,freq_sentence
2014-03-22,6,freq_sentence
2014-03-23,1,freq_sentence
2014-03-24,10,freq_sentence
2014-03-25,14,freq_sentence
2014-03-26,11,freq_sentence
2014-03-27,1,freq_sentence
2014-03-28,12,freq_sentence
2014-03-29,5,freq_sentence
2014-03-31,20,freq_sentence
2014-04-01,15,freq_sentence
2014-04-02,11,freq_sentence
2014-04-03,9,freq_sentence
2014-04-04,15,freq_sentence
2014-04-05,5,freq_sentence
2014-04-06,2,freq_sentence
2014-04-07,10,freq_sentence
2014-04-08,11,freq_sentence
2014-04-09,3,freq_sentence
2014-04-10,7,freq_sentence
2014-04-11,10,freq_sentence
2014-04-12,4,freq_sentence
2014-04-13,7,freq_sentence
2014-04-14,9,freq_sentence
2014-04-15,16,freq_sentence
2014-04-16,3,freq_sentence
2014-04-17,6,freq_sentence
2014-04-18,7,freq_sentence
2014-04-19,7,freq_sentence
2014-04-20,3,freq_sentence
2014-04-21,7,freq_sentence
2014-04-22,15,freq_sentence
2014-04-23,16,freq_sentence
2014-04-24,12,freq_sentence
2014-04-25,18,freq_sentence
2014-04-26,3,freq_sentence
2014-04-28,11,freq_sentence
2014-04-29,19,freq_sentence
2014-04-30,2,freq_sentence
2014-05-01,1,freq_sentence
2014-05-02,1,freq_sentence
2014-05-03,3,freq_sentence
2014-05-04,1,freq_sentence
2014-05-05,21,freq_sentence
2014-05-06,29,freq_sentence
2014-05-07,3,freq_sentence
2014-05-08,7,freq_sentence
2014-05-09,4,freq_sentence
2014-05-10,5,freq_sentence
2014-05-11,7,freq_sentence
2014-05-12,15,freq_sentence
2014-05-13,7,freq_sentence
2014-05-14,6,freq_sentence
2014-05-15,11,freq_sentence
2014-05-16,12,freq_sentence
2014-05-17,2,freq_sentence
2014-05-18,3,freq_sentence
2014-05-19,16,freq_sentence
2014-05-20,20,freq_sentence
2014-05-21,2,freq_sentence
2014-05-22,7,freq_sentence
2014-05-23,18,freq_sentence
2014-05-24,4,freq_sentence
2014-05-25,4,freq_sentence
2014-05-26,16,freq_sentence
2014-05-27,15,freq_sentence
2014-05-28,3,freq_sentence
2014-05-29,8,freq_sentence
2014-05-30,20,freq_sentence
2014-05-31,2,freq_sentence
2014-06-01,1,freq_sentence
2014-06-02,26,freq_sentence
2014-06-03,21,freq_sentence
2014-06-04,4,freq_sentence
2014-06-05,9,freq_sentence
2014-06-06,25,freq_sentence
2014-06-07,16,freq_sentence
2014-06-08,4,freq_sentence
2014-06-09,13,freq_sentence
2014-06-10,25,freq_sentence
2014-06-11,7,freq_sentence
2014-06-12,6,freq_sentence
2014-06-13,13,freq_sentence
2014-06-14,9,freq_sentence
2014-06-15,2,freq_sentence
2014-06-16,20,freq_sentence
2014-06-17,31,freq_sentence
2014-06-18,3,freq_sentence
2014-06-19,13,freq_sentence
2014-06-20,11,freq_sentence
2014-06-21,9,freq_sentence
2014-06-22,5,freq_sentence
2014-06-23,28,freq_sentence
2014-06-24,24,freq_sentence
2014-06-25,2,freq_sentence
2014-06-26,17,freq_sentence
2014-06-27,21,freq_sentence
2014-06-28,6,freq_sentence
2014-06-29,1,freq_sentence
2014-06-30,16,freq_sentence
2014-07-01,29,freq_sentence
2014-07-02,14,freq_sentence
2014-07-03,10,freq_sentence
2014-07-04,18,freq_sentence
2014-07-05,8,freq_sentence
2014-07-06,1,freq_sentence
2014-07-07,24,freq_sentence
2014-07-08,42,freq_sentence
2014-07-09,5,freq_sentence
2014-07-10,3,freq_sentence
2014-07-11,8,freq_sentence
2014-07-12,6,freq_sentence
2014-07-13,3,freq_sentence
2014-07-14,23,freq_sentence
2014-07-15,21,freq_sentence
2014-07-16,7,freq_sentence
2014-07-17,8,freq_sentence
2014-07-18,13,freq_sentence
2014-07-19,2,freq_sentence
2014-07-20,8,freq_sentence
2014-07-21,28,freq_sentence
2014-07-22,21,freq_sentence
2014-07-23,6,freq_sentence
2014-07-24,6,freq_sentence
2014-07-25,10,freq_sentence
2014-07-26,1,freq_sentence
2014-07-27,3,freq_sentence
2014-07-28,15,freq_sentence
2014-07-29,15,freq_sentence
2014-07-30,5,freq_sentence
2014-07-31,7,freq_sentence
2014-08-01,10,freq_sentence
2014-08-02,2,freq_sentence
2014-08-03,5,freq_sentence
2014-08-04,10,freq_sentence
2014-08-05,12,freq_sentence
2014-08-06,2,freq_sentence
2014-08-07,7,freq_sentence
2014-08-08,14,freq_sentence
2014-08-09,2,freq_sentence
2014-08-10,2,freq_sentence
2014-08-11,23,freq_sentence
2014-08-12,21,freq_sentence
2014-08-13,2,freq_sentence
2014-08-14,11,freq_sentence
2014-08-15,10,freq_sentence
2014-08-16,4,freq_sentence
2014-08-17,1,freq_sentence
2014-08-18,16,freq_sentence
2014-08-19,22,freq_sentence
2014-08-20,4,freq_sentence
2014-08-21,4,freq_sentence
2014-08-22,18,freq_sentence
2014-08-23,4,freq_sentence
2014-08-24,2,freq_sentence
2014-08-25,10,freq_sentence
2014-08-26,16,freq_sentence
2014-08-27,5,freq_sentence
2014-08-28,9,freq_sentence
2014-08-29,7,freq_sentence
2014-08-30,1,freq_sentence
2014-08-31,1,freq_sentence
2014-09-01,11,freq_sentence
2014-09-02,12,freq_sentence
2014-09-03,3,freq_sentence
2014-09-04,2,freq_sentence
2014-09-05,8,freq_sentence
2014-09-06,2,freq_sentence
2014-09-07,2,freq_sentence
2014-09-08,15,freq_sentence
2014-09-09,22,freq_sentence
2014-09-10,3,freq_sentence
2014-09-11,7,freq_sentence
2014-09-12,8,freq_sentence
2014-09-13,3,freq_sentence
2014-09-15,17,freq_sentence
2014-09-16,21,freq_sentence
2014-09-17,5,freq_sentence
2014-09-18,4,freq_sentence
2014-09-19,16,freq_sentence
2014-09-20,3,freq_sentence
2014-09-22,11,freq_sentence
2014-09-23,8,freq_sentence
2014-09-26,9,freq_sentence
2014-09-28,1,freq_sentence
2014-09-29,16,freq_sentence
2014-09-30,22,freq_sentence
2014-10-01,1,freq_sentence
2014-10-02,6,freq_sentence
2014-10-03,7,freq_sentence
2014-10-04,2,freq_sentence
2014-10-05,1,freq_sentence
2014-10-06,16,freq_sentence
2014-10-07,20,freq_sentence
2014-10-08,1,freq_sentence
2014-10-09,5,freq_sentence
2014-10-10,12,freq_sentence
2014-10-11,2,freq_sentence
2014-10-12,2,freq_sentence
2014-10-13,12,freq_sentence
2014-10-14,7,freq_sentence
2014-10-15,2,freq_sentence
2014-10-16,10,freq_sentence
2014-10-17,12,freq_sentence
2014-10-18,1,freq_sentence
2014-10-20,14,freq_sentence
2014-10-21,7,freq_sentence
2014-10-22,5,freq_sentence
2014-10-23,7,freq_sentence
2014-10-24,12,freq_sentence
2014-10-25,2,freq_sentence
2014-10-26,2,freq_sentence
2014-10-27,9,freq_sentence
2014-10-28,16,freq_sentence
2014-10-29,3,freq_sentence
2014-10-30,9,freq_sentence
2014-10-31,7,freq_sentence
2014-11-01,2,freq_sentence
2014-11-03,18,freq_sentence
2014-11-04,11,freq_sentence
2014-11-05,4,freq_sentence
2014-11-06,8,freq_sentence
2014-11-07,2,freq_sentence
2014-11-08,2,freq_sentence
2014-11-10,17,freq_sentence
2014-11-11,9,freq_sentence
2014-11-12,5,freq_sentence
2014-11-13,5,freq_sentence
2014-11-14,4,freq_sentence
2014-11-15,2,freq_sentence
2014-11-16,1,freq_sentence
2014-11-17,11,freq_sentence
2014-11-18,11,freq_sentence
2014-11-19,5,freq_sentence
2014-11-20,4,freq_sentence
2014-11-21,4,freq_sentence
2014-11-23,1,freq_sentence
2014-11-24,14,freq_sentence
2014-11-25,9,freq_sentence
2014-11-26,4,freq_sentence
2014-11-27,9,freq_sentence
2014-11-28,7,freq_sentence
2014-12-01,7,freq_sentence
2014-12-02,11,freq_sentence
2014-12-03,2,freq_sentence
2014-12-04,4,freq_sentence
2014-12-05,6,freq_sentence
2014-12-06,9,freq_sentence
2014-12-08,8,freq_sentence
2014-12-09,3,freq_sentence
2014-12-10,2,freq_sentence
2014-12-12,7,freq_sentence
2014-12-13,1,freq_sentence
2014-12-14,1,freq_sentence
2014-12-15,10,freq_sentence
2014-12-16,10,freq_sentence
2014-12-17,4,freq_sentence
2014-12-18,5,freq_sentence
2014-12-19,6,freq_sentence
2014-12-20,1,freq_sentence
2014-12-21,1,freq_sentence
2014-12-22,7,freq_sentence
2014-12-23,5,freq_sentence
2014-12-24,5,freq_sentence
2014-12-25,7,freq_sentence
2014-12-26,5,freq_sentence
2014-12-27,2,freq_sentence
2014-12-29,5,freq_sentence
2014-12-30,7,freq_sentence
2014-12-31,1,freq_sentence
2015-01-01,1,freq_sentence
2015-01-02,1,freq_sentence
2015-01-05,9,freq_sentence
2015-01-06,12,freq_sentence
2015-01-07,1,freq_sentence
2015-01-08,3,freq_sentence
2015-01-09,2,freq_sentence
2015-01-10,1,freq_sentence
2015-01-11,1,freq_sentence
2015-01-12,7,freq_sentence
2015-01-13,6,freq_sentence
2015-01-14,3,freq_sentence
2015-01-15,2,freq_sentence
2015-01-16,6,freq_sentence
2015-01-17,8,freq_sentence
2015-01-18,1,freq_sentence
2015-01-19,1,freq_sentence
2015-01-20,8,freq_sentence
2015-01-21,3,freq_sentence
2015-01-22,2,freq_sentence
2015-01-23,4,freq_sentence
2015-01-24,2,freq_sentence
2015-01-26,10,freq_sentence
2015-01-27,14,freq_sentence
2015-01-28,6,freq_sentence
2015-01-29,8,freq_sentence
2015-01-30,6,freq_sentence
2015-02-02,9,freq_sentence
2015-02-03,7,freq_sentence
2015-02-04,5,freq_sentence
2015-02-05,3,freq_sentence
2015-02-06,15,freq_sentence
2015-02-07,2,freq_sentence
2015-02-08,1,freq_sentence
2015-02-09,12,freq_sentence
2015-02-10,16,freq_sentence
2015-02-11,8,freq_sentence
2015-02-12,1,freq_sentence
2015-02-13,9,freq_sentence
2015-02-14,7,freq_sentence
2015-02-16,8,freq_sentence
2015-02-17,7,freq_sentence
2015-02-18,2,freq_sentence
2015-02-19,6,freq_sentence
2015-02-20,6,freq_sentence
2015-02-21,7,freq_sentence
2015-02-22,1,freq_sentence
2015-02-23,15,freq_sentence
2015-02-24,23,freq_sentence
2015-02-25,5,freq_sentence
2015-02-26,4,freq_sentence
2015-02-27,11,freq_sentence
2015-02-28,1,freq_sentence
2015-03-02,11,freq_sentence
2015-03-03,22,freq_sentence
2015-03-04,1,freq_sentence
2015-03-05,7,freq_sentence
2015-03-06,17,freq_sentence
2015-03-07,4,freq_sentence
2015-03-08,2,freq_sentence
2015-03-09,7,freq_sentence
2015-03-10,37,freq_sentence
2015-03-11,13,freq_sentence
2015-03-12,9,freq_sentence
2015-03-13,16,freq_sentence
2015-03-14,5,freq_sentence
2015-03-15,4,freq_sentence
2015-03-16,21,freq_sentence
2015-03-17,25,freq_sentence
2015-03-18,4,freq_sentence
2015-03-19,6,freq_sentence
2015-03-20,5,freq_sentence
2015-03-21,4,freq_sentence
2015-03-22,2,freq_sentence
2015-03-23,31,freq_sentence
2015-03-24,22,freq_sentence
2015-03-25,6,freq_sentence
2015-03-26,12,freq_sentence
2015-03-27,22,freq_sentence
2015-03-28,10,freq_sentence
2015-03-29,2,freq_sentence
2015-03-30,14,freq_sentence
2015-03-31,29,freq_sentence
2015-04-01,3,freq_sentence
2015-04-02,8,freq_sentence
2015-04-03,14,freq_sentence
2015-04-04,4,freq_sentence
2015-04-05,5,freq_sentence
2015-04-06,15,freq_sentence
2015-04-07,20,freq_sentence
2015-04-08,8,freq_sentence
2015-04-09,7,freq_sentence
2015-04-10,10,freq_sentence
2015-04-11,13,freq_sentence
2015-04-12,3,freq_sentence
2015-04-13,9,freq_sentence
2015-04-14,34,freq_sentence
2015-04-15,9,freq_sentence
2015-04-16,7,freq_sentence
2015-04-17,12,freq_sentence
2015-04-18,4,freq_sentence
2015-04-19,2,freq_sentence
2015-04-20,17,freq_sentence
2015-04-21,19,freq_sentence
2015-04-22,3,freq_sentence
2015-04-23,7,freq_sentence
2015-04-24,13,freq_sentence
2015-04-25,5,freq_sentence
2015-04-26,2,freq_sentence
2015-04-27,14,freq_sentence
2015-04-28,24,freq_sentence
2015-04-29,5,freq_sentence
2015-04-30,9,freq_sentence
2015-05-01,1,freq_sentence
2015-05-02,2,freq_sentence
2015-05-03,1,freq_sentence
2015-05-04,3,freq_sentence
2015-05-05,29,freq_sentence
2015-05-06,27,freq_sentence
2015-05-07,16,freq_sentence
2015-05-08,12,freq_sentence
2015-05-09,4,freq_sentence
2015-05-11,3,freq_sentence
2015-05-12,28,freq_sentence
2015-05-13,15,freq_sentence
2015-05-14,5,freq_sentence
2015-05-15,13,freq_sentence
2015-05-16,10,freq_sentence
2015-05-18,25,freq_sentence
2015-05-19,18,freq_sentence
2015-05-20,3,freq_sentence
2015-05-21,5,freq_sentence
2015-05-22,13,freq_sentence
2015-05-23,9,freq_sentence
2015-05-24,9,freq_sentence
2015-05-25,17,freq_sentence
2015-05-26,28,freq_sentence
2015-05-27,3,freq_sentence
2015-05-28,5,freq_sentence
2015-05-29,12,freq_sentence
2015-05-30,5,freq_sentence
2015-05-31,1,freq_sentence
2015-06-01,9,freq_sentence
2015-06-02,8,freq_sentence
2015-06-03,8,freq_sentence
2015-06-04,1,freq_sentence
2015-06-05,13,freq_sentence
2015-06-06,5,freq_sentence
2015-06-07,2,freq_sentence
2015-06-08,14,freq_sentence
2015-06-09,22,freq_sentence
2015-06-10,6,freq_sentence
2015-06-12,11,freq_sentence
2015-06-13,5,freq_sentence
2015-06-14,1,freq_sentence
2015-06-15,15,freq_sentence
2015-06-16,15,freq_sentence
2015-06-17,3,freq_sentence
2015-06-18,13,freq_sentence
2015-06-19,11,freq_sentence
2015-06-20,2,freq_sentence
2015-06-22,19,freq_sentence
2015-06-23,18,freq_sentence
2015-06-24,1,freq_sentence
2015-06-25,10,freq_sentence
2015-06-26,13,freq_sentence
2015-06-27,4,freq_sentence
2015-06-29,4,freq_sentence
2015-06-30,19,freq_sentence
2015-07-01,11,freq_sentence
2015-07-02,5,freq_sentence
2015-07-03,9,freq_sentence
2015-07-04,3,freq_sentence
2015-07-05,4,freq_sentence
2015-07-06,23,freq_sentence
2015-07-07,40,freq_sentence
2015-07-08,2,freq_sentence
2015-07-09,9,freq_sentence
2015-07-10,6,freq_sentence
2015-07-11,5,freq_sentence
2015-07-12,4,freq_sentence
2015-07-13,22,freq_sentence
2015-07-14,18,freq_sentence
2015-07-15,1,freq_sentence
2015-07-16,8,freq_sentence
2015-07-17,17,freq_sentence
2015-07-18,3,freq_sentence
2015-07-19,1,freq_sentence
2015-07-20,9,freq_sentence
2015-07-21,21,freq_sentence
2015-07-22,1,freq_sentence
2015-07-23,8,freq_sentence
2015-07-24,10,freq_sentence
2015-07-25,11,freq_sentence
2015-07-26,4,freq_sentence
2015-07-27,12,freq_sentence
2015-07-28,16,freq_sentence
2015-07-29,1,freq_sentence
2015-07-31,7,freq_sentence
2015-08-01,1,freq_sentence
2015-08-02,1,freq_sentence
2015-08-03,12,freq_sentence
2015-08-04,13,freq_sentence
2015-08-05,3,freq_sentence
2015-08-06,10,freq_sentence
2015-08-07,9,freq_sentence
2015-08-08,2,freq_sentence
2015-08-09,1,freq_sentence
2015-08-10,16,freq_sentence
2015-08-11,14,freq_sentence
2015-08-12,1,freq_sentence
2015-08-13,6,freq_sentence
2015-08-14,9,freq_sentence
2015-08-15,1,freq_sentence
2015-08-17,11,freq_sentence
2015-08-18,13,freq_sentence
2015-08-19,3,freq_sentence
2015-08-20,7,freq_sentence
2015-08-21,12,freq_sentence
2015-08-22,1,freq_sentence
2015-08-24,3,freq_sentence
2015-08-25,25,freq_sentence
2015-08-26,5,freq_sentence
2015-08-27,1,freq_sentence
2015-08-28,11,freq_sentence
2015-08-29,5,freq_sentence
2015-08-31,7,freq_sentence
2015-09-01,6,freq_sentence
2015-09-02,1,freq_sentence
2015-09-03,3,freq_sentence
2015-09-04,5,freq_sentence
2015-09-05,6,freq_sentence
2015-09-07,11,freq_sentence
2015-09-08,10,freq_sentence
2015-09-09,3,freq_sentence
2015-09-10,5,freq_sentence
2015-09-11,2,freq_sentence
2015-09-14,5,freq_sentence
2015-09-15,11,freq_sentence
2015-09-16,2,freq_sentence
2015-09-17,7,freq_sentence
2015-09-18,7,freq_sentence
2015-09-19,1,freq_sentence
2015-09-21,17,freq_sentence
2015-09-22,10,freq_sentence
2015-09-23,1,freq_sentence
2015-09-24,8,freq_sentence
2015-09-25,5,freq_sentence
2015-09-28,15,freq_sentence
2015-09-29,13,freq_sentence
2015-09-30,6,freq_sentence
2015-10-01,3,freq_sentence
2015-10-02,7,freq_sentence
2015-10-04,2,freq_sentence
2015-10-05,8,freq_sentence
2015-10-06,7,freq_sentence
2015-10-07,1,freq_sentence
2015-10-08,2,freq_sentence
2015-10-09,8,freq_sentence
2015-10-11,1,freq_sentence
2015-10-12,9,freq_sentence
2015-10-13,14,freq_sentence
2015-10-14,2,freq_sentence
2015-10-15,11,freq_sentence
2015-10-16,6,freq_sentence
2015-10-17,1,freq_sentence
2015-10-19,7,freq_sentence
2015-10-20,14,freq_sentence
2015-10-21,2,freq_sentence
2015-10-22,8,freq_sentence
2015-10-23,12,freq_sentence
2015-10-24,3,freq_sentence
2015-10-25,2,freq_sentence
2015-10-26,7,freq_sentence
2015-10-27,8,freq_sentence
2015-10-29,1,freq_sentence
2015-10-30,8,freq_sentence
2015-11-02,6,freq_sentence
2015-11-03,14,freq_sentence
2015-11-04,2,freq_sentence
2015-11-05,11,freq_sentence
2015-11-06,6,freq_sentence
2015-11-07,2,freq_sentence
2015-11-08,4,freq_sentence
2015-11-09,6,freq_sentence
2015-11-10,4,freq_sentence
2015-11-11,2,freq_sentence
2015-11-12,4,freq_sentence
2015-11-13,7,freq_sentence
2015-11-16,8,freq_sentence
2015-11-17,7,freq_sentence
2015-11-18,2,freq_sentence
2015-11-19,3,freq_sentence
2015-11-20,9,freq_sentence
2015-11-21,1,freq_sentence
2015-11-23,7,freq_sentence
2015-11-24,6,freq_sentence
2015-11-25,2,freq_sentence
2015-11-26,7,freq_sentence
2015-11-27,6,freq_sentence
2015-11-28,2,freq_sentence
2015-11-29,1,freq_sentence
2015-11-30,12,freq_sentence
2015-12-01,8,freq_sentence
2015-12-02,3,freq_sentence
2015-12-03,2,freq_sentence
2015-12-04,4,freq_sentence
2015-12-05,2,freq_sentence
2015-12-07,8,freq_sentence
2015-12-08,6,freq_sentence
2015-12-09,5,freq_sentence
2015-12-10,4,freq_sentence
2015-12-11,9,freq_sentence
2015-12-12,2,freq_sentence
2015-12-13,1,freq_sentence
2015-12-14,2,freq_sentence
2015-12-15,5,freq_sentence
2015-12-16,5,freq_sentence
2015-12-17,5,freq_sentence
2015-12-18,4,freq_sentence
2015-12-20,1,freq_sentence
2015-12-21,5,freq_sentence
2015-12-22,9,freq_sentence
2015-12-23,4,freq_sentence
2015-12-24,2,freq_sentence
2015-12-25,6,freq_sentence
2015-12-26,1,freq_sentence
2015-12-28,5,freq_sentence
2015-12-29,6,freq_sentence
2015-12-30,1,freq_sentence
2016-01-01,1,freq_sentence
2016-01-02,1,freq_sentence
2016-01-04,2,freq_sentence
2016-01-05,4,freq_sentence
2016-01-06,1,freq_sentence
2016-01-07,3,freq_sentence
2016-01-08,2,freq_sentence
2016-01-09,1,freq_sentence
2016-01-11,8,freq_sentence
2016-01-12,8,freq_sentence
2016-01-13,2,freq_sentence
2016-01-14,2,freq_sentence
2016-01-15,2,freq_sentence
2016-01-17,1,freq_sentence
2016-01-18,7,freq_sentence
2016-01-19,5,freq_sentence
2016-01-21,2,freq_sentence
2016-01-22,4,freq_sentence
2016-01-25,6,freq_sentence
2016-01-26,8,freq_sentence
2016-01-27,3,freq_sentence
2016-01-28,3,freq_sentence
2016-01-29,3,freq_sentence
2016-01-31,1,freq_sentence
2016-02-01,4,freq_sentence
2016-02-02,14,freq_sentence
2016-02-03,1,freq_sentence
2016-02-04,6,freq_sentence
2016-02-05,9,freq_sentence
2016-02-06,3,freq_sentence
2016-02-07,1,freq_sentence
2016-02-08,15,freq_sentence
2016-02-09,10,freq_sentence
2016-02-10,1,freq_sentence
2016-02-11,2,freq_sentence
2016-02-12,7,freq_sentence
2016-02-13,2,freq_sentence
2016-02-14,1,freq_sentence
2016-02-15,7,freq_sentence
2016-02-16,3,freq_sentence
2016-02-17,4,freq_sentence
2016-02-18,6,freq_sentence
2016-02-19,4,freq_sentence
2016-02-20,4,freq_sentence
2016-02-21,3,freq_sentence
2016-02-22,12,freq_sentence
2016-02-23,18,freq_sentence
2016-02-24,1,freq_sentence
2016-02-25,8,freq_sentence
2016-02-26,11,freq_sentence
2016-02-27,3,freq_sentence
2016-02-28,2,freq_sentence
2016-02-29,11,freq_sentence
2016-03-01,22,freq_sentence
2016-03-02,1,freq_sentence
2016-03-03,7,freq_sentence
2016-03-04,8,freq_sentence
2016-03-05,4,freq_sentence
2016-03-06,1,freq_sentence
2016-03-07,4,freq_sentence
2016-03-09,20,freq_sentence
2016-03-10,19,freq_sentence
2016-03-11,17,freq_sentence
2016-03-12,5,freq_sentence
2016-03-13,2,freq_sentence
2016-03-14,7,freq_sentence
2016-03-15,19,freq_sentence
2016-03-16,6,freq_sentence
2016-03-17,8,freq_sentence
2016-03-18,4,freq_sentence
2016-03-19,4,freq_sentence
2016-03-21,14,freq_sentence
2016-03-22,16,freq_sentence
2016-03-23,2,freq_sentence
2016-03-24,10,freq_sentence
2016-03-25,12,freq_sentence
2016-03-26,5,freq_sentence
2016-03-28,13,freq_sentence
2016-03-29,14,freq_sentence
2016-03-30,9,freq_sentence
2016-03-31,4,freq_sentence
2016-04-01,13,freq_sentence
2016-04-02,3,freq_sentence
2016-04-03,3,freq_sentence
2016-04-04,21,freq_sentence
2016-04-05,17,freq_sentence
2016-04-06,4,freq_sentence
2016-04-07,1,freq_sentence
2016-04-08,12,freq_sentence
2016-04-09,2,freq_sentence
2016-04-10,4,freq_sentence
2016-04-11,21,freq_sentence
2016-04-12,21,freq_sentence
2016-04-13,1,freq_sentence
2016-04-14,2,freq_sentence
2016-04-15,10,freq_sentence
2016-04-16,4,freq_sentence
2016-04-17,5,freq_sentence
2016-04-18,29,freq_sentence
2016-04-19,21,freq_sentence
2016-04-20,1,freq_sentence
2016-04-21,4,freq_sentence
2016-04-22,12,freq_sentence
2016-04-23,2,freq_sentence
2016-04-25,18,freq_sentence
2016-04-26,18,freq_sentence
2016-04-27,2,freq_sentence
2016-04-28,5,freq_sentence
2016-04-29,5,freq_sentence
2016-04-30,7,freq_sentence
2016-05-03,2,freq_sentence
2016-05-04,12,freq_sentence
2016-05-05,21,freq_sentence
2016-05-06,3,freq_sentence
2016-05-07,2,freq_sentence
2016-05-09,1,freq_sentence
2016-05-10,9,freq_sentence
2016-05-11,19,freq_sentence
2016-05-12,4,freq_sentence
2016-05-13,3,freq_sentence
2016-05-16,14,freq_sentence
2016-05-17,19,freq_sentence
2016-05-18,6,freq_sentence
2016-05-19,5,freq_sentence
2016-05-20,1,freq_sentence
2016-05-21,3,freq_sentence
2016-05-23,14,freq_sentence
2016-05-24,15,freq_sentence
2016-05-25,4,freq_sentence
2016-05-26,10,freq_sentence
2016-05-27,7,freq_sentence
2016-05-28,4,freq_sentence
2016-05-29,1,freq_sentence
2016-05-30,10,freq_sentence
2016-05-31,20,freq_sentence
2016-06-01,3,freq_sentence
2016-06-02,3,freq_sentence
2016-06-03,10,freq_sentence
2016-06-04,5,freq_sentence
2016-06-06,18,freq_sentence
2016-06-07,13,freq_sentence
2016-06-08,5,freq_sentence
2016-06-09,2,freq_sentence
2016-06-10,9,freq_sentence
2016-06-11,3,freq_sentence
2016-06-13,14,freq_sentence
2016-06-14,16,freq_sentence
2016-06-15,6,freq_sentence
2016-06-16,5,freq_sentence
2016-06-17,9,freq_sentence
2016-06-20,6,freq_sentence
2016-06-21,17,freq_sentence
2016-06-22,9,freq_sentence
2016-06-23,4,freq_sentence
2016-06-24,8,freq_sentence
2016-06-25,3,freq_sentence
2016-06-26,3,freq_sentence
2016-06-27,6,freq_sentence
2016-06-28,3,freq_sentence
2016-06-29,13,freq_sentence
2016-06-30,16,freq_sentence
2016-07-01,3,freq_sentence
2016-07-02,8,freq_sentence
2016-07-03,1,freq_sentence
2016-07-04,17,freq_sentence
2016-07-05,20,freq_sentence
2016-07-06,2,freq_sentence
2016-07-07,8,freq_sentence
2016-07-08,5,freq_sentence
2016-07-09,5,freq_sentence
2016-07-10,1,freq_sentence
2016-07-11,18,freq_sentence
2016-07-12,24,freq_sentence
2016-07-13,3,freq_sentence
2016-07-14,4,freq_sentence
2016-07-15,13,freq_sentence
2016-07-16,2,freq_sentence
2016-07-17,2,freq_sentence
2016-07-18,12,freq_sentence
2016-07-19,27,freq_sentence
2016-07-20,1,freq_sentence
2016-07-21,1,freq_sentence
2016-07-22,14,freq_sentence
2016-07-23,4,freq_sentence
2016-07-24,2,freq_sentence
2016-07-25,12,freq_sentence
2016-07-26,17,freq_sentence
2016-07-27,4,freq_sentence
2016-07-28,3,freq_sentence
2016-07-29,7,freq_sentence
2016-07-31,1,freq_sentence
2016-08-01,8,freq_sentence
2016-08-02,10,freq_sentence
2016-08-03,3,freq_sentence
2016-08-04,2,freq_sentence
2016-08-05,5,freq_sentence
2016-08-06,3,freq_sentence
2016-08-07,1,freq_sentence
2016-08-08,12,freq_sentence
2016-08-09,10,freq_sentence
2016-08-10,3,freq_sentence
2016-08-11,6,freq_sentence
2016-08-12,13,freq_sentence
2016-08-13,2,freq_sentence
2016-08-14,1,freq_sentence
2016-08-15,11,freq_sentence
2016-08-16,9,freq_sentence
2016-08-17,3,freq_sentence
2016-08-18,5,freq_sentence
2016-08-19,8,freq_sentence
2016-08-20,4,freq_sentence
2016-08-21,1,freq_sentence
2016-08-22,12,freq_sentence
2016-08-23,9,freq_sentence
2016-08-25,2,freq_sentence
2016-08-26,8,freq_sentence
2016-08-27,5,freq_sentence
2016-08-29,5,freq_sentence
2016-08-30,12,freq_sentence
2016-08-31,1,freq_sentence
2016-09-01,6,freq_sentence
2016-09-02,5,freq_sentence
2016-09-03,2,freq_sentence
2016-09-05,7,freq_sentence
2016-09-06,6,freq_sentence
2016-09-07,1,freq_sentence
2016-09-08,5,freq_sentence
2016-09-09,5,freq_sentence
2016-09-10,2,freq_sentence
2016-09-11,1,freq_sentence
2016-09-12,13,freq_sentence
2016-09-13,15,freq_sentence
2016-09-15,7,freq_sentence
2016-09-16,7,freq_sentence
2016-09-17,2,freq_sentence
2016-09-18,1,freq_sentence
2016-09-19,8,freq_sentence
2016-09-20,6,freq_sentence
2016-09-21,1,freq_sentence
2016-09-22,3,freq_sentence
2016-09-23,4,freq_sentence
2016-09-26,3,freq_sentence
2016-09-27,9,freq_sentence
2016-09-28,1,freq_sentence
2016-09-29,2,freq_sentence
2016-09-30,2,freq_sentence
2016-10-01,1,freq_sentence
2016-10-03,3,freq_sentence
2016-10-04,4,freq_sentence
2016-10-05,2,freq_sentence
2016-10-06,5,freq_sentence
2016-10-07,7,freq_sentence
2016-10-10,5,freq_sentence
2016-10-11,6,freq_sentence
2016-10-12,2,freq_sentence
2016-10-13,5,freq_sentence
2016-10-16,3,freq_sentence
2016-10-17,10,freq_sentence
2016-10-18,8,freq_sentence
2016-10-19,2,freq_sentence
2016-10-20,2,freq_sentence
2016-10-21,3,freq_sentence
2016-10-22,2,freq_sentence
2016-10-24,3,freq_sentence
2016-10-25,7,freq_sentence
2016-10-26,5,freq_sentence
2016-10-28,8,freq_sentence
2016-10-29,1,freq_sentence
2016-10-30,1,freq_sentence
2016-10-31,3,freq_sentence
2016-11-01,2,freq_sentence
2016-11-03,6,freq_sentence
2016-11-04,5,freq_sentence
2016-11-06,1,freq_sentence
2016-11-07,4,freq_sentence
2016-11-08,13,freq_sentence
2016-11-09,2,freq_sentence
2016-11-10,7,freq_sentence
2016-11-11,7,freq_sentence
2016-11-12,3,freq_sentence
2016-11-14,8,freq_sentence
2016-11-15,8,freq_sentence
2016-11-16,3,freq_sentence
2016-11-17,1,freq_sentence
2016-11-18,4,freq_sentence
2016-11-19,4,freq_sentence
2016-11-21,10,freq_sentence
2016-11-22,5,freq_sentence
2016-11-23,3,freq_sentence
2016-11-24,4,freq_sentence
2016-11-25,3,freq_sentence
2016-11-26,2,freq_sentence
2016-11-28,3,freq_sentence
2016-11-29,6,freq_sentence
2016-12-01,4,freq_sentence
2016-12-02,6,freq_sentence
2016-12-03,1,freq_sentence
2016-12-05,5,freq_sentence
2016-12-06,4,freq_sentence
2016-12-08,2,freq_sentence
2016-12-09,4,freq_sentence
2016-12-10,1,freq_sentence
2016-12-12,4,freq_sentence
2016-12-13,9,freq_sentence
2016-12-15,1,freq_sentence
2016-12-16,5,freq_sentence
2016-12-19,5,freq_sentence
2016-12-20,5,freq_sentence
2016-12-21,2,freq_sentence
2016-12-22,6,freq_sentence
2016-12-23,1,freq_sentence
2016-12-24,1,freq_sentence
2016-12-25,1,freq_sentence
2016-12-26,7,freq_sentence
2016-12-27,6,freq_sentence
2016-12-29,3,freq_sentence
2016-12-30,3,freq_sentence
2016-12-31,3,freq_sentence
2017-01-03,5,freq_sentence
2017-01-04,2,freq_sentence
2017-01-05,3,freq_sentence
2017-01-06,5,freq_sentence
2017-01-07,2,freq_sentence
2017-01-10,5,freq_sentence
2017-01-11,6,freq_sentence
2017-01-12,3,freq_sentence
2017-01-13,7,freq_sentence
2017-01-14,1,freq_sentence
2017-01-16,3,freq_sentence
2017-01-17,6,freq_sentence
2017-01-19,3,freq_sentence
2017-01-20,3,freq_sentence
2017-01-23,6,freq_sentence
2017-01-24,10,freq_sentence
2017-01-26,6,freq_sentence
2017-01-27,3,freq_sentence
2017-01-30,4,freq_sentence
2017-01-31,4,freq_sentence
2017-02-02,4,freq_sentence
2017-02-03,5,freq_sentence
2017-02-04,2,freq_sentence
2017-02-05,1,freq_sentence
2017-02-06,7,freq_sentence
2017-02-07,8,freq_sentence
2017-02-09,3,freq_sentence
2017-02-10,3,freq_sentence
2017-02-11,1,freq_sentence
2017-02-12,1,freq_sentence
2017-02-13,10,freq_sentence
2017-02-14,4,freq_sentence
2017-02-15,2,freq_sentence
2017-02-16,3,freq_sentence
2017-02-17,8,freq_sentence
2017-02-18,1,freq_sentence
2017-02-20,9,freq_sentence
2017-02-21,10,freq_sentence
2017-02-24,3,freq_sentence
2017-02-25,2,freq_sentence
2017-02-27,7,freq_sentence
2017-02-28,12,freq_sentence
2017-03-02,7,freq_sentence
2017-03-03,9,freq_sentence
2017-03-04,2,freq_sentence
2017-03-06,7,freq_sentence
2017-03-07,10,freq_sentence
2017-03-09,2,freq_sentence
2017-03-10,5,freq_sentence
2017-03-11,1,freq_sentence
2017-03-13,16,freq_sentence
2017-03-14,12,freq_sentence
2017-03-15,4,freq_sentence
2017-03-16,8,freq_sentence
2017-03-17,8,freq_sentence
2017-03-20,8,freq_sentence
2017-03-21,10,freq_sentence
2017-03-22,2,freq_sentence
2017-03-23,2,freq_sentence
2017-03-24,12,freq_sentence
2017-03-25,5,freq_sentence
2017-03-26,4,freq_sentence
2017-03-27,5,freq_sentence
2017-03-28,9,freq_sentence
2017-03-29,3,freq_sentence
2017-03-30,6,freq_sentence
2017-03-31,8,freq_sentence
2017-04-01,1,freq_sentence
2017-04-03,6,freq_sentence
2017-04-04,14,freq_sentence
2017-04-05,2,freq_sentence
2017-04-06,4,freq_sentence
2017-04-07,6,freq_sentence
2017-04-10,8,freq_sentence
2017-04-11,11,freq_sentence
2017-04-12,3,freq_sentence
2017-04-13,4,freq_sentence
2017-04-14,8,freq_sentence
2017-04-15,2,freq_sentence
2017-04-16,1,freq_sentence
2017-04-17,1,freq_sentence
2017-04-18,6,freq_sentence
2017-04-19,5,freq_sentence
2017-04-20,4,freq_sentence
2017-04-21,9,freq_sentence
2017-04-22,2,freq_sentence
2017-04-23,1,freq_sentence
2017-04-24,16,freq_sentence
2017-04-25,9,freq_sentence
2017-04-26,3,freq_sentence
2017-04-27,3,freq_sentence
2017-04-28,3,freq_sentence
2017-04-29,1,freq_sentence
2017-04-30,1,freq_sentence
2017-05-02,1,freq_sentence
2017-05-03,8,freq_sentence
2017-05-04,8,freq_sentence
2017-05-05,10,freq_sentence
2017-05-06,2,freq_sentence
2017-05-08,3,freq_sentence
2017-05-10,10,freq_sentence
2017-05-11,18,freq_sentence
2017-05-12,3,freq_sentence
2017-05-13,5,freq_sentence
2017-05-15,6,freq_sentence
2017-05-16,17,freq_sentence
2017-05-17,1,freq_sentence
2017-05-19,6,freq_sentence
2017-05-20,1,freq_sentence
2017-05-21,3,freq_sentence
2017-05-22,7,freq_sentence
2017-05-23,15,freq_sentence
2017-05-24,3,freq_sentence
2017-05-25,7,freq_sentence
2017-05-26,7,freq_sentence
2017-05-27,3,freq_sentence
2017-05-29,17,freq_sentence
2017-05-30,10,freq_sentence
2017-05-31,3,freq_sentence
2017-06-01,4,freq_sentence
2017-06-02,7,freq_sentence
2017-06-03,3,freq_sentence
2017-06-04,1,freq_sentence
2017-06-06,8,freq_sentence
2017-06-07,13,freq_sentence
2017-06-08,2,freq_sentence
2017-06-09,4,freq_sentence
2017-06-10,5,freq_sentence
2017-06-12,10,freq_sentence
2017-06-13,16,freq_sentence
2017-06-14,2,freq_sentence
2017-06-15,6,freq_sentence
2017-06-16,6,freq_sentence
2017-06-19,13,freq_sentence
2017-06-20,15,freq_sentence
2017-06-21,1,freq_sentence
2017-06-22,4,freq_sentence
2017-06-23,10,freq_sentence
2017-06-24,1,freq_sentence
2017-06-25,2,freq_sentence
2017-06-26,7,freq_sentence
2017-06-27,9,freq_sentence
2017-06-29,11,freq_sentence
2017-06-30,8,freq_sentence
2017-07-03,9,freq_sentence
2017-07-04,13,freq_sentence
2017-07-05,1,freq_sentence
2017-07-06,2,freq_sentence
2017-07-07,15,freq_sentence
2017-07-08,1,freq_sentence
2017-07-09,1,freq_sentence
2017-07-10,11,freq_sentence
2017-07-11,16,freq_sentence
2017-07-13,3,freq_sentence
2017-07-14,9,freq_sentence
2017-07-15,3,freq_sentence
2017-07-17,26,freq_sentence
2017-07-18,16,freq_sentence
2017-07-19,1,freq_sentence
2017-07-20,4,freq_sentence
2017-07-21,13,freq_sentence
2017-07-22,4,freq_sentence
2017-07-23,1,freq_sentence
2017-07-24,8,freq_sentence
2017-07-25,26,freq_sentence
2017-07-26,6,freq_sentence
2017-07-27,9,freq_sentence
2017-07-28,9,freq_sentence
2017-07-30,3,freq_sentence
2017-07-31,12,freq_sentence
2017-08-01,12,freq_sentence
2017-08-02,2,freq_sentence
2017-08-04,10,freq_sentence
2017-08-05,2,freq_sentence
2017-08-06,2,freq_sentence
2017-08-07,13,freq_sentence
2017-08-08,34,freq_sentence
2017-08-09,4,freq_sentence
2017-08-10,3,freq_sentence
2017-08-11,25,freq_sentence
2017-08-12,3,freq_sentence
2017-08-13,1,freq_sentence
2017-08-14,16,freq_sentence
2017-08-15,21,freq_sentence
2017-08-16,2,freq_sentence
2017-08-17,6,freq_sentence
2017-08-18,9,freq_sentence
2017-08-19,6,freq_sentence
2017-08-20,2,freq_sentence
2017-08-21,10,freq_sentence
2017-08-22,30,freq_sentence
2017-08-23,3,freq_sentence
2017-08-24,4,freq_sentence
2017-08-25,7,freq_sentence
2017-08-27,2,freq_sentence
2017-08-28,27,freq_sentence
2017-08-29,17,freq_sentence
2017-08-30,3,freq_sentence
2017-08-31,9,freq_sentence
2017-09-01,15,freq_sentence
2017-09-02,3,freq_sentence
2017-09-04,11,freq_sentence
2017-09-05,4,freq_sentence
2017-09-06,4,freq_sentence
2017-09-07,5,freq_sentence
2017-09-08,14,freq_sentence
2017-09-09,8,freq_sentence
2017-09-10,4,freq_sentence
2017-09-11,10,freq_sentence
2017-09-12,21,freq_sentence
2017-09-13,2,freq_sentence
2017-09-14,4,freq_sentence
2017-09-15,17,freq_sentence
2017-09-16,8,freq_sentence
2017-09-18,23,freq_sentence
2017-09-19,21,freq_sentence
2017-09-20,2,freq_sentence
2017-09-21,2,freq_sentence
2017-09-22,11,freq_sentence
2017-09-23,8,freq_sentence
2017-09-24,1,freq_sentence
2017-09-25,18,freq_sentence
2017-09-26,21,freq_sentence
2017-09-27,5,freq_sentence
2017-09-28,6,freq_sentence
2017-09-29,20,freq_sentence
2017-09-30,2,freq_sentence
2017-10-01,5,freq_sentence
2017-10-02,20,freq_sentence
2017-10-03,22,freq_sentence
2017-10-04,2,freq_sentence
2017-10-05,7,freq_sentence
2017-10-06,12,freq_sentence
2017-10-07,4,freq_sentence
2017-10-08,1,freq_sentence
2017-10-09,16,freq_sentence
2017-10-10,19,freq_sentence
2017-10-11,5,freq_sentence
2017-10-12,6,freq_sentence
2017-10-13,18,freq_sentence
2017-10-14,2,freq_sentence
2017-10-15,1,freq_sentence
2017-10-16,3,freq_sentence
2017-10-17,22,freq_sentence
2017-10-18,24,freq_sentence
2017-10-19,6,freq_sentence
2017-10-20,16,freq_sentence
2017-10-21,3,freq_sentence
2017-10-23,22,freq_sentence
2017-10-24,35,freq_sentence
2017-10-26,3,freq_sentence
2017-10-27,5,freq_sentence
2017-10-28,4,freq_sentence
2017-10-29,2,freq_sentence
2017-10-30,14,freq_sentence
2017-10-31,44,freq_sentence
2017-11-01,2,freq_sentence
2017-11-02,4,freq_sentence
2017-11-03,6,freq_sentence
2017-11-04,4,freq_sentence
2017-11-06,11,freq_sentence
2017-11-07,19,freq_sentence
2017-11-08,2,freq_sentence
2017-11-09,3,freq_sentence
2017-11-10,12,freq_sentence
2017-11-11,8,freq_sentence
2017-11-13,17,freq_sentence
2017-11-14,28,freq_sentence
2017-11-15,4,freq_sentence
2017-11-16,6,freq_sentence
2017-11-17,15,freq_sentence
2017-11-18,2,freq_sentence
2017-11-20,12,freq_sentence
2017-11-21,27,freq_sentence
2017-11-22,1,freq_sentence
2017-11-23,2,freq_sentence
2017-11-24,8,freq_sentence
2017-11-25,3,freq_sentence
2017-11-27,15,freq_sentence
2017-11-28,23,freq_sentence
2017-11-29,1,freq_sentence
2017-11-30,3,freq_sentence
2017-12-01,14,freq_sentence
2017-12-02,1,freq_sentence
2017-12-04,23,freq_sentence
2017-12-05,24,freq_sentence
2017-12-06,3,freq_sentence
2017-12-07,3,freq_sentence
2017-12-08,16,freq_sentence
2017-12-09,2,freq_sentence
2017-12-10,1,freq_sentence
2017-12-11,17,freq_sentence
2017-12-12,20,freq_sentence
2017-12-13,4,freq_sentence
2017-12-14,4,freq_sentence
2017-12-15,8,freq_sentence
2017-12-16,6,freq_sentence
2017-12-18,20,freq_sentence
2017-12-19,21,freq_sentence
2017-12-20,3,freq_sentence
2017-12-21,10,freq_sentence
2017-12-22,23,freq_sentence
2017-12-23,4,freq_sentence
2017-12-24,1,freq_sentence
2017-12-25,3,freq_sentence
2017-12-26,15,freq_sentence
2017-12-27,12,freq_sentence
2017-12-28,5,freq_sentence
2017-12-29,13,freq_sentence
2017-12-30,4,freq_sentence
2018-01-01,1,freq_sentence
2018-01-02,10,freq_sentence
2018-01-03,8,freq_sentence
2018-01-05,2,freq_sentence
2018-01-06,6,freq_sentence
2018-01-07,2,freq_sentence
2018-01-08,2,freq_sentence
2018-01-09,14,freq_sentence
2018-01-10,11,freq_sentence
2018-01-11,2,freq_sentence
2018-01-12,4,freq_sentence
2018-01-13,2,freq_sentence
2018-01-15,10,freq_sentence
2018-01-16,17,freq_sentence
2018-01-17,1,freq_sentence
2018-01-18,1,freq_sentence
2018-01-19,6,freq_sentence
2018-01-20,2,freq_sentence
2018-01-21,1,freq_sentence
2018-01-22,12,freq_sentence
2018-01-23,16,freq_sentence
2018-01-24,1,freq_sentence
2018-01-25,10,freq_sentence
2018-01-26,19,freq_sentence
2018-01-27,5,freq_sentence
2018-01-28,2,freq_sentence
2018-01-29,18,freq_sentence
2018-01-30,25,freq_sentence
2018-01-31,2,freq_sentence
2018-02-01,5,freq_sentence
2018-02-02,14,freq_sentence
2018-02-03,3,freq_sentence
2018-02-04,4,freq_sentence
2018-02-05,18,freq_sentence
2018-02-06,27,freq_sentence
2018-02-08,5,freq_sentence
2018-02-09,14,freq_sentence
2018-02-10,5,freq_sentence
2018-02-12,18,freq_sentence
2018-02-13,19,freq_sentence
2018-02-14,1,freq_sentence
2018-02-15,3,freq_sentence
2018-02-16,18,freq_sentence
2018-02-17,4,freq_sentence
2018-02-18,4,freq_sentence
2018-02-19,19,freq_sentence
2018-02-20,33,freq_sentence
2018-02-22,5,freq_sentence
2018-02-23,20,freq_sentence
2018-02-24,7,freq_sentence
2018-02-26,21,freq_sentence
2018-02-27,21,freq_sentence
2018-03-01,10,freq_sentence
2018-03-02,15,freq_sentence
2018-03-03,5,freq_sentence
2018-03-04,2,freq_sentence
2018-03-05,16,freq_sentence
2018-03-06,23,freq_sentence
2018-03-07,2,freq_sentence
2018-03-08,2,freq_sentence
2018-03-09,6,freq_sentence
2018-03-12,21,freq_sentence
2018-03-13,56,freq_sentence
2018-03-14,3,freq_sentence
2018-03-15,4,freq_sentence
2018-03-16,25,freq_sentence
2018-03-17,3,freq_sentence
2018-03-18,1,freq_sentence
2018-03-19,14,freq_sentence
2018-03-20,7,freq_sentence
2018-03-21,1,freq_sentence
2018-03-22,3,freq_sentence
2018-03-23,18,freq_sentence
2018-03-24,11,freq_sentence
2018-03-26,28,freq_sentence
2018-03-27,22,freq_sentence
2018-03-28,2,freq_sentence
2018-03-29,4,freq_sentence
2018-03-30,15,freq_sentence
2018-03-31,3,freq_sentence
2018-04-02,11,freq_sentence
2018-04-03,30,freq_sentence
2018-04-04,3,freq_sentence
2018-04-05,9,freq_sentence
2018-04-06,17,freq_sentence
2018-04-07,3,freq_sentence
2018-04-08,1,freq_sentence
2018-04-09,2,freq_sentence
2018-04-10,22,freq_sentence
2018-04-11,13,freq_sentence
2018-04-12,6,freq_sentence
2018-04-13,13,freq_sentence
2018-04-14,5,freq_sentence
2018-04-15,1,freq_sentence
2018-04-16,33,freq_sentence
2018-04-17,29,freq_sentence
2018-04-18,1,freq_sentence
2018-04-19,1,freq_sentence
2018-04-20,7,freq_sentence
2018-04-21,4,freq_sentence
2018-04-23,21,freq_sentence
2018-04-24,36,freq_sentence
2018-04-25,2,freq_sentence
2018-04-26,11,freq_sentence
2018-04-27,17,freq_sentence
2018-04-28,10,freq_sentence
2018-04-29,1,freq_sentence
2018-04-30,6,freq_sentence
2018-05-01,3,freq_sentence
2018-05-02,18,freq_sentence
2018-05-03,30,freq_sentence
2018-05-04,18,freq_sentence
2018-05-05,12,freq_sentence
2018-05-06,1,freq_sentence
2018-05-07,15,freq_sentence
2018-05-08,25,freq_sentence
2018-05-10,2,freq_sentence
2018-05-11,2,freq_sentence
2018-05-12,2,freq_sentence
2018-05-14,24,freq_sentence
2018-05-15,37,freq_sentence
2018-05-16,4,freq_sentence
2018-05-17,10,freq_sentence
2018-05-18,16,freq_sentence
2018-05-19,4,freq_sentence
2018-05-21,22,freq_sentence
2018-05-22,18,freq_sentence
2018-05-23,2,freq_sentence
2018-05-24,3,freq_sentence
2018-05-25,13,freq_sentence
2018-05-26,2,freq_sentence
2018-05-28,8,freq_sentence
2018-05-29,32,freq_sentence
2018-05-30,31,freq_sentence
2018-05-31,4,freq_sentence
2018-06-01,9,freq_sentence
2018-06-02,3,freq_sentence
2018-06-03,1,freq_sentence
2018-06-04,30,freq_sentence
2018-06-05,31,freq_sentence
2018-06-06,6,freq_sentence
2018-06-07,4,freq_sentence
2018-06-08,7,freq_sentence
2018-06-09,5,freq_sentence
2018-06-10,3,freq_sentence
2018-06-11,30,freq_sentence
2018-06-12,32,freq_sentence
2018-06-13,3,freq_sentence
2018-06-14,6,freq_sentence
2018-06-15,18,freq_sentence
2018-06-16,5,freq_sentence
2018-06-17,3,freq_sentence
2018-06-18,23,freq_sentence
2018-06-19,34,freq_sentence
2018-06-20,3,freq_sentence
2018-06-21,7,freq_sentence
2018-06-22,33,freq_sentence
2018-06-23,8,freq_sentence
2018-06-24,4,freq_sentence
2018-06-25,25,freq_sentence
2018-06-26,41,freq_sentence
2018-06-27,1,freq_sentence
2018-06-28,2,freq_sentence
2018-06-29,11,freq_sentence
2018-06-30,7,freq_sentence
2018-07-02,38,freq_sentence
2018-07-03,77,freq_sentence
2018-07-04,10,freq_sentence
2018-07-05,9,freq_sentence
2018-07-06,23,freq_sentence
2018-07-07,8,freq_sentence
2018-07-09,23,freq_sentence
2018-07-10,16,freq_sentence
2018-07-11,2,freq_sentence
2018-07-12,14,freq_sentence
2018-07-13,12,freq_sentence
2018-07-14,8,freq_sentence
2018-07-15,1,freq_sentence
2018-07-16,40,freq_sentence
2018-07-17,30,freq_sentence
2018-07-18,2,freq_sentence
2018-07-19,10,freq_sentence
2018-07-20,19,freq_sentence
2018-07-21,8,freq_sentence
2018-07-23,23,freq_sentence
2018-07-24,21,freq_sentence
2018-07-25,2,freq_sentence
2018-07-26,5,freq_sentence
2018-07-27,36,freq_sentence
2018-07-28,4,freq_sentence
2018-07-30,24,freq_sentence
2018-07-31,28,freq_sentence
2018-08-01,1,freq_sentence
2018-08-02,14,freq_sentence
2018-08-03,18,freq_sentence
2018-08-04,10,freq_sentence
2018-08-05,1,freq_sentence
2018-08-06,19,freq_sentence
2018-08-07,22,freq_sentence
2018-08-08,2,freq_sentence
2018-08-09,5,freq_sentence
2018-08-10,15,freq_sentence
2018-08-11,2,freq_sentence
2018-08-13,18,freq_sentence
2018-08-14,40,freq_sentence
2018-08-15,5,freq_sentence
2018-08-16,8,freq_sentence
2018-08-17,16,freq_sentence
2018-08-18,8,freq_sentence
2018-08-20,13,freq_sentence
2018-08-21,37,freq_sentence
2018-08-22,1,freq_sentence
2018-08-23,4,freq_sentence
2018-08-24,4,freq_sentence
2018-08-25,3,freq_sentence
2018-08-27,15,freq_sentence
2018-08-28,27,freq_sentence
2018-08-29,2,freq_sentence
2018-08-30,2,freq_sentence
2018-08-31,12,freq_sentence
2018-09-01,5,freq_sentence
2018-09-02,1,freq_sentence
2018-09-03,20,freq_sentence
2018-09-04,12,freq_sentence
2018-09-05,3,freq_sentence
2018-09-06,4,freq_sentence
2018-09-07,16,freq_sentence
2018-09-08,5,freq_sentence
2018-09-10,15,freq_sentence
2018-09-11,24,freq_sentence
2018-09-12,1,freq_sentence
2018-09-13,4,freq_sentence
2018-09-14,18,freq_sentence
2018-09-15,11,freq_sentence
2018-09-16,2,freq_sentence
2018-09-17,22,freq_sentence
2018-09-18,23,freq_sentence
2018-09-19,2,freq_sentence
2018-09-20,5,freq_sentence
2018-09-21,16,freq_sentence
2018-09-22,5,freq_sentence
2018-09-23,2,freq_sentence
2018-09-24,23,freq_sentence
2018-09-25,33,freq_sentence
2018-09-26,1,freq_sentence
2018-09-27,10,freq_sentence
2018-09-28,18,freq_sentence
2018-09-29,5,freq_sentence
2018-10-01,29,freq_sentence
2018-10-02,37,freq_sentence
2018-10-03,5,freq_sentence
2018-10-04,8,freq_sentence
2018-10-05,19,freq_sentence
2018-10-06,11,freq_sentence
2018-10-08,24,freq_sentence
2018-10-09,26,freq_sentence
2018-10-10,3,freq_sentence
2018-10-11,8,freq_sentence
2018-10-12,19,freq_sentence
2018-10-13,7,freq_sentence
2018-10-14,3,freq_sentence
2018-10-15,7,freq_sentence
2018-10-16,34,freq_sentence
2018-10-17,20,freq_sentence
2018-10-18,1,freq_sentence
2018-10-19,17,freq_sentence
2018-10-20,2,freq_sentence
2018-10-22,37,freq_sentence
2018-10-23,45,freq_sentence
2018-10-24,5,freq_sentence
2018-10-25,3,freq_sentence
2018-10-26,9,freq_sentence
2018-10-27,6,freq_sentence
2018-10-29,28,freq_sentence
2018-10-30,33,freq_sentence
2018-10-31,1,freq_sentence
2018-11-01,6,freq_sentence
2018-11-02,20,freq_sentence
2018-11-03,3,freq_sentence
2018-11-05,10,freq_sentence
2018-11-06,36,freq_sentence
2018-11-07,2,freq_sentence
2018-11-08,5,freq_sentence
2018-11-09,15,freq_sentence
2018-11-10,4,freq_sentence
2018-11-11,1,freq_sentence
2018-11-12,21,freq_sentence
2018-11-13,32,freq_sentence
2018-11-14,3,freq_sentence
2018-11-15,5,freq_sentence
2018-11-16,27,freq_sentence
2018-11-17,7,freq_sentence
2018-11-19,18,freq_sentence
2018-11-20,37,freq_sentence
2018-11-21,5,freq_sentence
2018-11-22,9,freq_sentence
2018-11-23,17,freq_sentence
2018-11-24,5,freq_sentence
2018-11-26,22,freq_sentence
2018-11-27,26,freq_sentence
2018-11-29,11,freq_sentence
2018-11-30,16,freq_sentence
2018-12-01,6,freq_sentence
2018-12-02,1,freq_sentence
2018-12-03,17,freq_sentence
2018-12-04,21,freq_sentence
2018-12-05,3,freq_sentence
2018-12-06,8,freq_sentence
2018-12-07,61,freq_sentence
2018-12-08,4,freq_sentence
2018-12-09,1,freq_sentence
2018-12-10,15,freq_sentence
2018-12-11,39,freq_sentence
2018-12-12,4,freq_sentence
2018-12-13,4,freq_sentence
2018-12-14,19,freq_sentence
2018-12-15,5,freq_sentence
2018-12-17,25,freq_sentence
2018-12-18,26,freq_sentence
2018-12-19,3,freq_sentence
2018-12-20,4,freq_sentence
2018-12-21,19,freq_sentence
2018-12-22,13,freq_sentence
2018-12-23,2,freq_sentence
2018-12-24,1,freq_sentence
2018-12-25,4,freq_sentence
2018-12-26,24,freq_sentence
2018-12-27,35,freq_sentence
2018-12-28,14,freq_sentence
2018-12-29,9,freq_sentence
2018-12-30,1,freq_sentence
2018-12-31,2,freq_sentence
2019-01-01,1,freq_sentence
2019-01-02,13,freq_sentence
2019-01-03,40,freq_sentence
2019-01-04,1,freq_sentence
2019-01-05,3,freq_sentence
2019-01-06,2,freq_sentence
2019-01-08,15,freq_sentence
2019-01-09,28,freq_sentence
2019-01-10,7,freq_sentence
2019-01-11,1,freq_sentence
2019-01-12,2,freq_sentence
2019-01-14,11,freq_sentence
2019-01-15,11,freq_sentence
2019-01-16,1,freq_sentence
2019-01-17,2,freq_sentence
2019-01-18,7,freq_sentence
2019-01-19,3,freq_sentence
2019-01-20,1,freq_sentence
2019-01-21,24,freq_sentence
2019-01-22,22,freq_sentence
2019-01-23,3,freq_sentence
2019-01-24,3,freq_sentence
2019-01-25,13,freq_sentence
2019-01-26,3,freq_sentence
2019-01-27,6,freq_sentence
2019-01-28,29,freq_sentence
2019-01-29,20,freq_sentence
2019-01-30,5,freq_sentence
2019-01-31,11,freq_sentence
2019-02-01,24,freq_sentence
2019-02-02,5,freq_sentence
2019-02-03,2,freq_sentence
2019-02-04,21,freq_sentence
2019-02-05,34,freq_sentence
2019-02-07,8,freq_sentence
2019-02-08,23,freq_sentence
2019-02-09,8,freq_sentence
2019-02-10,5,freq_sentence
2019-02-11,29,freq_sentence
2019-02-12,38,freq_sentence
2019-02-13,1,freq_sentence
2019-02-14,5,freq_sentence
2019-02-15,22,freq_sentence
2019-02-16,6,freq_sentence
2019-02-17,5,freq_sentence
2019-02-18,43,freq_sentence
2019-02-19,43,freq_sentence
2019-02-21,12,freq_sentence
2019-02-22,24,freq_sentence
2019-02-23,11,freq_sentence
2019-02-24,4,freq_sentence
2019-02-25,26,freq_sentence
2019-02-26,41,freq_sentence
2019-02-27,2,freq_sentence
2019-02-28,4,freq_sentence
2019-03-01,34,freq_sentence
2019-03-02,4,freq_sentence
2019-03-03,2,freq_sentence
2019-03-04,32,freq_sentence
2019-03-05,34,freq_sentence
2019-03-06,4,freq_sentence
2019-03-07,9,freq_sentence
2019-03-08,4,freq_sentence
2019-03-09,9,freq_sentence
2019-03-10,1,freq_sentence
2019-03-11,32,freq_sentence
2019-03-12,65,freq_sentence
2019-03-13,3,freq_sentence
2019-03-14,6,freq_sentence
2019-03-15,32,freq_sentence
2019-03-16,14,freq_sentence
2019-03-17,3,freq_sentence
2019-03-18,23,freq_sentence
2019-03-19,23,freq_sentence
2019-03-20,2,freq_sentence
2019-03-21,6,freq_sentence
2019-03-22,37,freq_sentence
2019-03-23,11,freq_sentence
2019-03-24,2,freq_sentence
2019-03-25,38,freq_sentence
2019-03-26,51,freq_sentence
2019-03-27,2,freq_sentence
2019-03-28,10,freq_sentence
2019-03-29,18,freq_sentence
2019-03-30,8,freq_sentence
2019-03-31,1,freq_sentence
2019-04-01,34,freq_sentence
2019-04-02,46,freq_sentence
2019-04-03,3,freq_sentence
2019-04-04,10,freq_sentence
2019-04-05,19,freq_sentence
2019-04-06,4,freq_sentence
2019-04-07,4,freq_sentence
2019-04-08,30,freq_sentence
2019-04-09,49,freq_sentence
2019-04-10,2,freq_sentence
2019-04-11,15,freq_sentence
2019-04-12,28,freq_sentence
2019-04-13,7,freq_sentence
2019-04-14,4,freq_sentence
2019-04-15,29,freq_sentence
2019-04-16,60,freq_sentence
2019-04-17,2,freq_sentence
2019-04-18,8,freq_sentence
2019-04-19,39,freq_sentence
2019-04-20,9,freq_sentence
2019-04-21,1,freq_sentence
2019-04-22,39,freq_sentence
2019-04-23,55,freq_sentence
2019-04-24,2,freq_sentence
2019-04-25,16,freq_sentence
2019-04-26,23,freq_sentence
2019-04-27,7,freq_sentence
2019-04-28,3,freq_sentence
2019-04-29,13,freq_sentence
2019-04-30,7,freq_sentence
2019-05-02,27,freq_sentence
2019-05-03,69,freq_sentence
2019-05-04,7,freq_sentence
2019-05-05,2,freq_sentence
2019-05-06,39,freq_sentence
2019-05-07,39,freq_sentence
2019-05-09,2,freq_sentence
2019-05-11,5,freq_sentence
2019-05-13,15,freq_sentence
2019-05-14,37,freq_sentence
2019-05-15,3,freq_sentence
2019-05-16,13,freq_sentence
2019-05-17,27,freq_sentence
2019-05-18,5,freq_sentence
2019-05-19,2,freq_sentence
2019-05-20,26,freq_sentence
2019-05-21,37,freq_sentence
2019-05-22,5,freq_sentence
2019-05-23,16,freq_sentence
2019-05-24,23,freq_sentence
2019-05-25,13,freq_sentence
2019-05-26,2,freq_sentence
2019-05-27,34,freq_sentence
2019-05-28,52,freq_sentence
2019-05-30,2,freq_sentence
2019-05-31,21,freq_sentence
2019-06-01,11,freq_sentence
2019-06-03,24,freq_sentence
2019-06-04,55,freq_sentence
2019-06-05,3,freq_sentence
2019-06-06,6,freq_sentence
2019-06-07,20,freq_sentence
2019-06-08,4,freq_sentence
2019-06-09,6,freq_sentence
2019-06-10,27,freq_sentence
2019-06-11,48,freq_sentence
2019-06-12,2,freq_sentence
2019-06-13,11,freq_sentence
2019-06-14,25,freq_sentence
2019-06-15,8,freq_sentence
2019-06-17,9,freq_sentence
2019-06-18,33,freq_sentence
2019-06-19,25,freq_sentence
2019-06-20,11,freq_sentence
2019-06-21,26,freq_sentence
2019-06-22,8,freq_sentence
2019-06-23,4,freq_sentence
2019-06-24,49,freq_sentence
2019-06-25,58,freq_sentence
2019-06-26,3,freq_sentence
2019-06-27,4,freq_sentence
2019-06-28,4,freq_sentence
2019-06-29,1,freq_sentence
2019-06-30,7,freq_sentence
2019-07-01,43,freq_sentence
2019-07-02,60,freq_sentence
2019-07-03,4,freq_sentence
2019-07-04,5,freq_sentence
2019-07-05,27,freq_sentence
2019-07-06,11,freq_sentence
2019-07-08,21,freq_sentence
2019-07-09,30,freq_sentence
2019-07-10,4,freq_sentence
2019-07-11,11,freq_sentence
2019-07-12,27,freq_sentence
2019-07-13,6,freq_sentence
2019-07-14,5,freq_sentence
2019-07-15,22,freq_sentence
2019-07-16,33,freq_sentence
2019-07-17,2,freq_sentence
2019-07-18,9,freq_sentence
2019-07-19,23,freq_sentence
2019-07-20,4,freq_sentence
2019-07-22,39,freq_sentence
2019-07-23,52,freq_sentence
2019-07-24,1,freq_sentence
2019-07-25,17,freq_sentence
2019-07-26,36,freq_sentence
2019-07-27,8,freq_sentence
2019-07-28,2,freq_sentence
2019-07-29,28,freq_sentence
2019-07-30,48,freq_sentence
2019-07-31,4,freq_sentence
2019-08-01,8,freq_sentence
2019-08-02,27,freq_sentence
2019-08-03,7,freq_sentence
2019-08-04,2,freq_sentence
2019-08-05,30,freq_sentence
2019-08-06,34,freq_sentence
2019-08-07,2,freq_sentence
2019-08-08,13,freq_sentence
2019-08-09,21,freq_sentence
2019-08-10,3,freq_sentence
2019-08-11,2,freq_sentence
2019-08-12,27,freq_sentence
2019-08-13,54,freq_sentence
2019-08-15,12,freq_sentence
2019-08-16,22,freq_sentence
2019-08-17,12,freq_sentence
2019-08-18,2,freq_sentence
2019-08-19,24,freq_sentence
2019-08-20,46,freq_sentence
2019-08-21,3,freq_sentence
2019-08-22,22,freq_sentence
2019-08-23,30,freq_sentence
2019-08-24,8,freq_sentence
2019-08-25,2,freq_sentence
2019-08-26,5,freq_sentence
2019-08-27,34,freq_sentence
2019-08-28,31,freq_sentence
2019-08-29,9,freq_sentence
2019-08-30,27,freq_sentence
2019-08-31,16,freq_sentence
2019-09-01,3,freq_sentence
2019-09-02,25,freq_sentence
2019-09-03,41,freq_sentence
2019-09-04,6,freq_sentence
2019-09-05,1,freq_sentence
2019-09-06,6,freq_sentence
2019-09-07,9,freq_sentence
2019-09-08,2,freq_sentence
2019-09-09,23,freq_sentence
2019-09-10,51,freq_sentence
2019-09-11,1,freq_sentence
2019-09-12,12,freq_sentence
2019-09-13,23,freq_sentence
2019-09-14,12,freq_sentence
2019-09-15,1,freq_sentence
2019-09-16,28,freq_sentence
2019-09-17,44,freq_sentence
2019-09-18,1,freq_sentence
2019-09-19,8,freq_sentence
2019-09-20,21,freq_sentence
2019-09-21,7,freq_sentence
2019-09-23,24,freq_sentence
2019-09-24,34,freq_sentence
2019-09-25,3,freq_sentence
2019-09-26,6,freq_sentence
2019-09-27,35,freq_sentence
2019-09-28,10,freq_sentence
2019-09-29,4,freq_sentence
2019-09-30,35,freq_sentence
2019-10-01,47,freq_sentence
2019-10-02,1,freq_sentence
2019-10-03,16,freq_sentence
2019-10-04,28,freq_sentence
2019-10-05,10,freq_sentence
2019-10-07,36,freq_sentence
2019-10-08,53,freq_sentence
2019-10-09,2,freq_sentence
2019-10-10,10,freq_sentence
2019-10-11,24,freq_sentence
2019-10-12,7,freq_sentence
2019-10-14,6,freq_sentence
2019-10-15,35,freq_sentence
2019-10-16,23,freq_sentence
2019-10-17,8,freq_sentence
2019-10-18,25,freq_sentence
2019-10-19,13,freq_sentence
2019-10-20,2,freq_sentence
2019-10-21,21,freq_sentence
2019-10-22,36,freq_sentence
2019-10-23,5,freq_sentence
2019-10-24,4,freq_sentence
2019-10-25,5,freq_sentence
2019-10-26,5,freq_sentence
2019-10-28,23,freq_sentence
2019-10-29,30,freq_sentence
2019-10-30,2,freq_sentence
2019-10-31,4,freq_sentence
2019-11-01,14,freq_sentence
2019-11-02,6,freq_sentence
2019-11-04,19,freq_sentence
2019-11-05,28,freq_sentence
2019-11-06,1,freq_sentence
2019-11-07,12,freq_sentence
2019-11-08,8,freq_sentence
2019-11-09,1,freq_sentence
2019-11-11,8,freq_sentence
2019-11-12,9,freq_sentence
2019-11-13,3,freq_sentence
2019-11-15,5,freq_sentence
2019-11-18,10,freq_sentence
2019-11-19,11,freq_sentence
2019-11-20,1,freq_sentence
2019-11-21,8,freq_sentence
2019-11-22,10,freq_sentence
2019-11-23,4,freq_sentence
2019-11-24,1,freq_sentence
2019-11-25,8,freq_sentence
2019-11-26,14,freq_sentence
2019-11-27,2,freq_sentence
2019-11-28,6,freq_sentence
2019-11-29,9,freq_sentence
2019-11-30,3,freq_sentence
2019-12-02,3,freq_sentence
2019-12-03,13,freq_sentence
2019-12-04,4,freq_sentence
2019-12-05,4,freq_sentence
2019-12-06,12,freq_sentence
2019-12-07,1,freq_sentence
2019-12-08,1,freq_sentence
2019-12-09,5,freq_sentence
2019-12-10,5,freq_sentence
2019-12-11,3,freq_sentence
2019-12-12,7,freq_sentence
2019-12-13,7,freq_sentence
2019-12-14,2,freq_sentence
2019-12-16,5,freq_sentence
2019-12-17,11,freq_sentence
2019-12-19,6,freq_sentence
2019-12-20,6,freq_sentence
2019-12-21,2,freq_sentence
2019-12-23,8,freq_sentence
2019-12-24,10,freq_sentence
2019-12-26,1,freq_sentence
2019-12-27,4,freq_sentence
2019-12-28,11,freq_sentence
2019-12-30,2,freq_sentence
2019-12-31,1,freq_sentence
2020-01-02,7,freq_sentence
2020-01-03,20,freq_sentence
2020-01-04,2,freq_sentence
2020-01-06,1,freq_sentence
2020-01-08,7,freq_sentence
2020-01-09,23,freq_sentence
2020-01-10,6,freq_sentence
2020-01-11,2,freq_sentence
2020-01-13,7,freq_sentence
2020-01-14,6,freq_sentence
2020-01-15,3,freq_sentence
2020-01-16,4,freq_sentence
2020-01-17,3,freq_sentence
2020-01-20,6,freq_sentence
2020-01-21,18,freq_sentence
2020-01-23,2,freq_sentence
2020-01-24,10,freq_sentence
2020-01-25,3,freq_sentence
2020-01-27,6,freq_sentence
2020-01-28,21,freq_sentence
2020-01-29,2,freq_sentence
2020-01-30,3,freq_sentence
2020-01-31,7,freq_sentence
2020-02-01,6,freq_sentence
2020-02-03,23,freq_sentence
2020-02-04,21,freq_sentence
2020-02-05,1,freq_sentence
2020-02-06,1,freq_sentence
2020-02-07,17,freq_sentence
2020-02-08,6,freq_sentence
2020-02-09,3,freq_sentence
2020-02-10,19,freq_sentence
2020-02-11,22,freq_sentence
2020-02-13,5,freq_sentence
2020-02-14,15,freq_sentence
2020-02-15,4,freq_sentence
2020-02-16,3,freq_sentence
2020-02-17,24,freq_sentence
2020-02-18,39,freq_sentence
2020-02-19,2,freq_sentence
2020-02-20,4,freq_sentence
2020-02-21,16,freq_sentence
2020-02-22,1,freq_sentence
2020-02-23,1,freq_sentence
2020-02-24,27,freq_sentence
2020-02-25,57,freq_sentence
2020-02-27,6,freq_sentence
2020-02-28,31,freq_sentence
2020-02-29,11,freq_sentence
2020-03-02,33,freq_sentence
2020-03-03,27,freq_sentence
2020-03-04,1,freq_sentence
2020-03-05,8,freq_sentence
2020-03-06,15,freq_sentence
2020-03-07,11,freq_sentence
2020-03-08,1,freq_sentence
2020-03-09,1,freq_sentence
2020-03-10,40,freq_sentence
2020-03-11,31,freq_sentence
2020-03-12,8,freq_sentence
2020-03-13,19,freq_sentence
2020-03-14,10,freq_sentence
2020-03-15,2,freq_sentence
2020-03-16,33,freq_sentence
2020-03-17,37,freq_sentence
2020-03-18,2,freq_sentence
2020-03-19,4,freq_sentence
2020-03-20,13,freq_sentence
2020-03-21,8,freq_sentence
2020-03-23,31,freq_sentence
2020-03-24,37,freq_sentence
2020-03-25,2,freq_sentence
2020-03-26,3,freq_sentence
2020-03-27,18,freq_sentence
2020-03-28,10,freq_sentence
2020-03-29,1,freq_sentence
2020-03-30,17,freq_sentence
2020-03-31,27,freq_sentence
2020-04-01,4,freq_sentence
2020-04-02,3,freq_sentence
2020-04-03,20,freq_sentence
2020-04-04,8,freq_sentence
2020-04-05,2,freq_sentence
2020-04-06,30,freq_sentence
2020-04-07,38,freq_sentence
2020-04-08,1,freq_sentence
2020-04-09,1,freq_sentence
2020-04-10,10,freq_sentence
2020-04-11,2,freq_sentence
2020-04-13,13,freq_sentence
2020-04-14,19,freq_sentence
2020-04-16,5,freq_sentence
2020-04-17,12,freq_sentence
2020-04-18,3,freq_sentence
2020-04-20,1,freq_sentence
2020-04-21,24,freq_sentence
2020-04-22,15,freq_sentence
2020-04-23,3,freq_sentence
2020-04-24,10,freq_sentence
2020-04-25,7,freq_sentence
2020-04-26,1,freq_sentence
2020-04-27,13,freq_sentence
2020-04-28,22,freq_sentence
2020-04-29,2,freq_sentence
2020-04-30,2,freq_sentence
2020-05-03,2,freq_sentence
2020-05-04,15,freq_sentence
2020-05-05,27,freq_sentence
2020-05-06,1,freq_sentence
2020-05-07,6,freq_sentence
2020-05-08,29,freq_sentence
2020-05-09,5,freq_sentence
2020-05-10,4,freq_sentence
2020-05-11,2,freq_sentence
2020-05-12,28,freq_sentence
2020-05-13,19,freq_sentence
2020-05-14,4,freq_sentence
2020-05-15,15,freq_sentence
2020-05-16,9,freq_sentence
2020-05-17,1,freq_sentence
2020-05-18,21,freq_sentence
2020-05-19,25,freq_sentence
2020-05-20,1,freq_sentence
2020-05-22,8,freq_sentence
2020-05-23,4,freq_sentence
2020-05-24,2,freq_sentence
2020-05-25,33,freq_sentence
2020-05-26,33,freq_sentence
2020-05-27,1,freq_sentence
2020-05-28,7,freq_sentence
2020-05-29,16,freq_sentence
2020-05-30,4,freq_sentence
2020-05-31,2,freq_sentence
2020-06-01,31,freq_sentence
2020-06-02,41,freq_sentence
2020-06-03,1,freq_sentence
2020-06-04,4,freq_sentence
2020-06-05,27,freq_sentence
2020-06-06,14,freq_sentence
2020-06-09,19,freq_sentence
2020-06-10,40,freq_sentence
2020-06-11,4,freq_sentence
2020-06-12,22,freq_sentence
2020-06-13,8,freq_sentence
2020-06-14,2,freq_sentence
2020-06-15,30,freq_sentence
2020-06-16,33,freq_sentence
2020-06-17,5,freq_sentence
2020-06-18,5,freq_sentence
2020-06-19,7,freq_sentence
2020-06-20,9,freq_sentence
2020-06-21,2,freq_sentence
2020-06-22,30,freq_sentence
2020-06-23,78,freq_sentence
2020-06-25,4,freq_sentence
2020-06-26,29,freq_sentence
2020-06-27,11,freq_sentence
2020-06-28,2,freq_sentence
2020-06-29,3,freq_sentence
2020-06-30,43,freq_sentence
2020-07-01,35,freq_sentence
2020-07-02,17,freq_sentence
2020-07-03,18,freq_sentence
2020-07-04,6,freq_sentence
2020-07-06,44,freq_sentence
2020-07-07,49,freq_sentence
2020-07-08,2,freq_sentence
2020-07-09,1,freq_sentence
2020-07-10,9,freq_sentence
2020-07-11,7,freq_sentence
2020-07-12,1,freq_sentence
2020-07-13,37,freq_sentence
2020-07-14,50,freq_sentence
2020-07-15,2,freq_sentence
2020-07-16,4,freq_sentence
2020-07-17,24,freq_sentence
2020-07-18,1,freq_sentence
2020-07-20,29,freq_sentence
2020-07-21,41,freq_sentence
2020-07-23,11,freq_sentence
2020-07-24,22,freq_sentence
2020-07-25,7,freq_sentence
2020-07-27,30,freq_sentence
2020-07-28,26,freq_sentence
2020-07-30,6,freq_sentence
2020-07-31,22,freq_sentence
2020-08-01,7,freq_sentence
2020-08-02,5,freq_sentence
2020-08-03,45,freq_sentence
2020-08-04,56,freq_sentence
2020-08-06,7,freq_sentence
2020-08-07,20,freq_sentence
2020-08-08,9,freq_sentence
2020-08-09,8,freq_sentence
2020-08-10,27,freq_sentence
2020-08-11,36,freq_sentence
2020-08-13,4,freq_sentence
2020-08-14,16,freq_sentence
2020-08-15,5,freq_sentence
2020-08-17,26,freq_sentence
2020-08-18,48,freq_sentence
2020-08-19,3,freq_sentence
2020-08-20,7,freq_sentence
2020-08-21,22,freq_sentence
2020-08-22,4,freq_sentence
2020-08-24,6,freq_sentence
2020-08-25,42,freq_sentence
2020-08-26,56,freq_sentence
2020-08-27,7,freq_sentence
2020-08-28,27,freq_sentence
2020-08-29,9,freq_sentence
2020-08-31,29,freq_sentence
2020-09-01,43,freq_sentence
2020-09-03,8,freq_sentence
2020-09-04,5,freq_sentence
2020-09-05,11,freq_sentence
2020-09-06,1,freq_sentence
2020-09-07,28,freq_sentence
2020-09-08,42,freq_sentence
2020-09-09,1,freq_sentence
2020-09-10,16,freq_sentence
2020-09-11,32,freq_sentence
2020-09-12,2,freq_sentence
2020-09-13,3,freq_sentence
2020-09-14,20,freq_sentence
2020-09-15,51,freq_sentence
2020-09-16,1,freq_sentence
2020-09-17,4,freq_sentence
2020-09-18,25,freq_sentence
2020-09-19,15,freq_sentence
2020-09-20,1,freq_sentence
2020-09-21,24,freq_sentence
2020-09-22,62,freq_sentence
2020-09-23,1,freq_sentence
2020-09-24,5,freq_sentence
2020-09-25,17,freq_sentence
2020-09-26,7,freq_sentence
2020-09-27,1,freq_sentence
2020-09-28,54,freq_sentence
2020-09-29,42,freq_sentence
2020-09-30,1,freq_sentence
2020-10-01,10,freq_sentence
2020-10-02,21,freq_sentence
2020-10-03,10,freq_sentence
2020-10-05,43,freq_sentence
2020-10-06,47,freq_sentence
2020-10-08,5,freq_sentence
2020-10-09,11,freq_sentence
2020-10-10,14,freq_sentence
2020-10-11,4,freq_sentence
2020-10-12,54,freq_sentence
2020-10-13,55,freq_sentence
2020-10-15,6,freq_sentence
2020-10-16,26,freq_sentence
2020-10-17,14,freq_sentence
2020-10-18,3,freq_sentence
2020-10-19,36,freq_sentence
2020-10-20,56,freq_sentence
2020-10-22,17,freq_sentence
2020-10-23,29,freq_sentence
2020-10-24,7,freq_sentence
2020-10-26,23,freq_sentence
2020-10-27,28,freq_sentence
2020-10-28,1,freq_sentence
2020-10-29,5,freq_sentence
2020-10-30,25,freq_sentence
2020-10-31,11,freq_sentence
2020-11-01,7,freq_sentence
2020-11-02,51,freq_sentence
2020-11-03,31,freq_sentence
2020-11-04,1,freq_sentence
2020-11-05,5,freq_sentence
2020-11-06,19,freq_sentence
2020-11-07,5,freq_sentence
2020-11-08,2,freq_sentence
2020-11-09,32,freq_sentence
2020-11-10,35,freq_sentence
2020-11-11,7,freq_sentence
2020-11-12,8,freq_sentence
2020-11-13,10,freq_sentence
2020-11-14,6,freq_sentence
2020-11-15,1,freq_sentence
2020-11-16,20,freq_sentence
2020-11-17,37,freq_sentence
2020-11-18,3,freq_sentence
2020-11-19,11,freq_sentence
2020-11-20,29,freq_sentence
2020-11-21,5,freq_sentence
2020-11-22,1,freq_sentence
2020-11-23,15,freq_sentence
2020-11-24,69,freq_sentence
2020-11-25,5,freq_sentence
2020-11-26,6,freq_sentence
2020-11-27,24,freq_sentence
2020-11-28,11,freq_sentence
2020-11-30,25,freq_sentence
2020-12-01,43,freq_sentence
2020-12-03,4,freq_sentence
2020-12-04,19,freq_sentence
2020-12-05,6,freq_sentence
2020-12-07,29,freq_sentence
2020-12-08,39,freq_sentence
2020-12-09,1,freq_sentence
2020-12-10,5,freq_sentence
2020-12-11,20,freq_sentence
2020-12-12,3,freq_sentence
2020-12-13,1,freq_sentence
2020-12-14,17,freq_sentence
2020-12-15,27,freq_sentence
2020-12-17,6,freq_sentence
2020-12-18,23,freq_sentence
2020-12-19,4,freq_sentence
2020-12-20,2,freq_sentence
2020-12-21,23,freq_sentence
2020-12-22,40,freq_sentence
2020-12-23,2,freq_sentence
2020-12-24,13,freq_sentence
2020-12-25,8,freq_sentence
2020-12-27,1,freq_sentence
2020-12-28,30,freq_sentence
2020-12-29,52,freq_sentence
2020-12-30,4,freq_sentence
2020-12-31,6,freq_sentence
2021-01-01,8,freq_sentence
2021-01-03,1,freq_sentence
2021-01-04,20,freq_sentence
2021-01-05,37,freq_sentence
2021-01-06,2,freq_sentence
2021-01-07,1,freq_sentence
2021-01-08,4,freq_sentence
2021-01-09,2,freq_sentence
2021-01-11,32,freq_sentence
2021-01-12,34,freq_sentence
2021-01-14,14,freq_sentence
2021-01-15,11,freq_sentence
2021-01-16,6,freq_sentence
2021-01-18,5,freq_sentence
2021-01-19,6,freq_sentence
2021-01-20,1,freq_sentence
2021-01-21,9,freq_sentence
2021-01-22,21,freq_sentence
2021-01-23,1,freq_sentence
2021-01-25,21,freq_sentence
2021-01-26,19,freq_sentence
2021-01-27,6,freq_sentence
2021-01-28,10,freq_sentence
2021-01-29,15,freq_sentence
2021-02-01,17,freq_sentence
2021-02-02,65,freq_sentence
2021-02-04,6,freq_sentence
2021-02-05,18,freq_sentence
2021-02-06,6,freq_sentence
2021-02-07,2,freq_sentence
2021-02-08,24,freq_sentence
2021-02-09,70,freq_sentence
2021-02-10,5,freq_sentence
2021-02-11,11,freq_sentence
2021-02-12,31,freq_sentence
2021-02-13,6,freq_sentence
2021-02-15,40,freq_sentence
2021-02-16,45,freq_sentence
2021-02-18,10,freq_sentence
2021-02-19,29,freq_sentence
2021-02-20,17,freq_sentence
2021-02-21,3,freq_sentence
2021-02-22,27,freq_sentence
2021-02-23,37,freq_sentence
2021-02-24,2,freq_sentence
2021-02-25,17,freq_sentence
2021-02-26,23,freq_sentence
2021-02-27,8,freq_sentence
2021-02-28,1,freq_sentence
2021-03-01,31,freq_sentence
2021-03-02,43,freq_sentence
2021-03-03,3,freq_sentence
2021-03-04,4,freq_sentence
2021-03-05,23,freq_sentence
2021-03-06,6,freq_sentence
2021-03-08,2,freq_sentence
2021-03-09,43,freq_sentence
2021-03-10,28,freq_sentence
2021-03-11,12,freq_sentence
2021-03-12,31,freq_sentence
2021-03-13,16,freq_sentence
2021-03-14,2,freq_sentence
2021-03-15,30,freq_sentence
2021-03-16,46,freq_sentence
2021-03-17,1,freq_sentence
2021-03-18,4,freq_sentence
2021-03-19,9,freq_sentence
2021-03-20,15,freq_sentence
2021-03-21,2,freq_sentence
2021-03-22,30,freq_sentence
2021-03-23,44,freq_sentence
2021-03-24,1,freq_sentence
2021-03-25,8,freq_sentence
2021-03-26,15,freq_sentence
2021-03-27,18,freq_sentence
2021-03-29,32,freq_sentence
2021-03-30,53,freq_sentence
2021-03-31,4,freq_sentence
2021-04-01,7,freq_sentence
2021-04-02,23,freq_sentence
2021-04-03,8,freq_sentence
2021-04-04,1,freq_sentence
2021-04-05,32,freq_sentence
2021-04-06,51,freq_sentence
2021-04-08,3,freq_sentence
2021-04-09,28,freq_sentence
2021-04-10,8,freq_sentence
2021-04-11,2,freq_sentence
2021-04-12,35,freq_sentence
2021-04-13,50,freq_sentence
2021-04-14,1,freq_sentence
2021-04-15,4,freq_sentence
2021-04-16,18,freq_sentence
2021-04-17,5,freq_sentence
2021-04-19,19,freq_sentence
2021-04-20,38,freq_sentence
2021-04-21,1,freq_sentence
2021-04-22,10,freq_sentence
2021-04-23,27,freq_sentence
2021-04-24,4,freq_sentence
2021-04-25,1,freq_sentence
2021-04-26,41,freq_sentence
2021-04-27,45,freq_sentence
2021-04-28,1,freq_sentence
2021-04-29,16,freq_sentence
2021-04-30,25,freq_sentence
2021-05-01,8,freq_sentence
2021-05-02,2,freq_sentence
2021-05-03,5,freq_sentence
2021-05-04,4,freq_sentence
2021-05-05,23,freq_sentence
2021-05-06,47,freq_sentence
2021-05-07,27,freq_sentence
2021-05-08,8,freq_sentence
2021-05-09,2,freq_sentence
2021-05-10,3,freq_sentence
2021-05-11,25,freq_sentence
2021-05-12,39,freq_sentence
2021-05-13,1,freq_sentence
2021-05-14,6,freq_sentence
2021-05-15,2,freq_sentence
2021-05-16,1,freq_sentence
2021-05-17,20,freq_sentence
2021-05-18,40,freq_sentence
2021-05-19,3,freq_sentence
2021-05-20,9,freq_sentence
2021-05-21,14,freq_sentence
2021-05-22,9,freq_sentence
2021-05-23,4,freq_sentence
2021-05-24,54,freq_sentence
2021-05-25,57,freq_sentence
2021-05-26,2,freq_sentence
2021-05-27,4,freq_sentence
2021-05-28,27,freq_sentence
2021-05-29,7,freq_sentence
2021-05-31,25,freq_sentence
2021-06-01,61,freq_sentence
2021-06-02,1,freq_sentence
2021-06-03,8,freq_sentence
2021-06-04,23,freq_sentence
2021-06-05,3,freq_sentence
2021-06-06,1,freq_sentence
2021-06-07,22,freq_sentence
2021-06-08,37,freq_sentence
2021-06-09,2,freq_sentence
2021-06-10,6,freq_sentence
2021-06-11,11,freq_sentence
2021-06-12,7,freq_sentence
2021-06-13,1,freq_sentence
2021-06-14,35,freq_sentence
2021-06-15,73,freq_sentence
2021-06-16,1,freq_sentence
2021-06-17,12,freq_sentence
2021-06-18,19,freq_sentence
2021-06-19,12,freq_sentence
2021-06-20,1,freq_sentence
2021-06-21,2,freq_sentence
2021-06-22,50,freq_sentence
2021-06-23,42,freq_sentence
2021-06-24,8,freq_sentence
2021-06-25,23,freq_sentence
2021-06-26,10,freq_sentence
2021-06-27,6,freq_sentence
2021-06-28,5,freq_sentence
2021-06-29,49,freq_sentence
2021-06-30,46,freq_sentence
2021-07-01,6,freq_sentence
2021-07-02,6,freq_sentence
2021-07-03,7,freq_sentence
2021-07-05,34,freq_sentence
2021-07-06,37,freq_sentence
2021-07-08,3,freq_sentence
2021-07-09,4,freq_sentence
