sentenceDate,Column,type
1906-03-02,1,freq_sentence
1920-03-03,1,freq_sentence
2010-04-21,1,freq_sentence
2010-06-15,2,freq_sentence
2010-07-19,1,freq_sentence
2010-08-10,1,freq_sentence
2010-08-31,1,freq_sentence
2010-09-24,1,freq_sentence
2010-10-06,1,freq_sentence
2010-11-30,2,freq_sentence
2010-12-20,1,freq_sentence
2011-01-31,1,freq_sentence
2011-02-03,1,freq_sentence
2011-02-21,1,freq_sentence
2011-03-10,1,freq_sentence
2011-03-15,2,freq_sentence
2011-04-08,2,freq_sentence
2011-04-13,1,freq_sentence
2011-04-20,3,freq_sentence
2011-04-26,1,freq_sentence
2011-04-28,1,freq_sentence
2011-05-20,1,freq_sentence
2011-05-23,3,freq_sentence
2011-05-24,1,freq_sentence
2011-05-25,1,freq_sentence
2011-05-30,2,freq_sentence
2011-06-01,2,freq_sentence
2011-06-06,1,freq_sentence
2011-06-14,1,freq_sentence
2011-06-15,2,freq_sentence
2011-06-17,2,freq_sentence
2011-06-22,1,freq_sentence
2011-06-23,2,freq_sentence
2011-06-24,2,freq_sentence
2011-06-25,2,freq_sentence
2011-06-29,3,freq_sentence
2011-06-30,1,freq_sentence
2011-07-01,3,freq_sentence
2011-07-04,13,freq_sentence
2011-07-05,6,freq_sentence
2011-07-06,10,freq_sentence
2011-07-07,5,freq_sentence
2011-07-08,12,freq_sentence
2011-07-11,7,freq_sentence
2011-07-12,8,freq_sentence
2011-07-13,4,freq_sentence
2011-07-14,9,freq_sentence
2011-07-15,5,freq_sentence
2011-07-18,11,freq_sentence
2011-07-19,6,freq_sentence
2011-07-20,8,freq_sentence
2011-07-21,11,freq_sentence
2011-07-22,13,freq_sentence
2011-07-25,8,freq_sentence
2011-07-26,5,freq_sentence
2011-07-27,11,freq_sentence
2011-07-28,6,freq_sentence
2011-07-29,8,freq_sentence
2011-08-01,5,freq_sentence
2011-08-02,8,freq_sentence
2011-08-03,4,freq_sentence
2011-08-04,7,freq_sentence
2011-08-05,9,freq_sentence
2011-08-08,11,freq_sentence
2011-08-09,11,freq_sentence
2011-08-10,12,freq_sentence
2011-08-11,11,freq_sentence
2011-08-12,7,freq_sentence
2011-08-15,10,freq_sentence
2011-08-16,13,freq_sentence
2011-08-17,4,freq_sentence
2011-08-18,6,freq_sentence
2011-08-19,5,freq_sentence
2011-08-22,14,freq_sentence
2011-08-23,12,freq_sentence
2011-08-25,18,freq_sentence
2011-08-26,6,freq_sentence
2011-08-27,1,freq_sentence
2011-08-29,8,freq_sentence
2011-08-30,8,freq_sentence
2011-08-31,13,freq_sentence
2011-09-01,5,freq_sentence
2011-09-02,12,freq_sentence
2011-09-05,9,freq_sentence
2011-09-06,7,freq_sentence
2011-09-07,6,freq_sentence
2011-09-08,7,freq_sentence
2011-09-09,16,freq_sentence
2011-09-12,12,freq_sentence
2011-09-13,11,freq_sentence
2011-09-14,12,freq_sentence
2011-09-15,7,freq_sentence
2011-09-16,19,freq_sentence
2011-09-18,1,freq_sentence
2011-09-19,13,freq_sentence
2011-09-20,16,freq_sentence
2011-09-21,10,freq_sentence
2011-09-22,11,freq_sentence
2011-09-23,14,freq_sentence
2011-09-26,14,freq_sentence
2011-09-27,12,freq_sentence
2011-09-28,17,freq_sentence
2011-09-29,16,freq_sentence
2011-09-30,26,freq_sentence
2011-10-03,17,freq_sentence
2011-10-04,8,freq_sentence
2011-10-05,17,freq_sentence
2011-10-06,19,freq_sentence
2011-10-07,19,freq_sentence
2011-10-10,13,freq_sentence
2011-10-11,10,freq_sentence
2011-10-12,17,freq_sentence
2011-10-13,11,freq_sentence
2011-10-14,14,freq_sentence
2011-10-17,28,freq_sentence
2011-10-18,15,freq_sentence
2011-10-19,25,freq_sentence
2011-10-20,26,freq_sentence
2011-10-21,11,freq_sentence
2011-10-24,14,freq_sentence
2011-10-25,21,freq_sentence
2011-10-26,9,freq_sentence
2011-10-27,22,freq_sentence
2011-10-28,18,freq_sentence
2011-10-31,16,freq_sentence
2011-11-01,18,freq_sentence
2011-11-02,14,freq_sentence
2011-11-03,15,freq_sentence
2011-11-04,15,freq_sentence
2011-11-05,1,freq_sentence
2011-11-07,16,freq_sentence
2011-11-08,12,freq_sentence
2011-11-09,16,freq_sentence
2011-11-10,19,freq_sentence
2011-11-11,12,freq_sentence
2011-11-14,16,freq_sentence
2011-11-15,16,freq_sentence
2011-11-16,11,freq_sentence
2011-11-17,6,freq_sentence
2011-11-18,15,freq_sentence
2011-11-20,1,freq_sentence
2011-11-21,12,freq_sentence
2011-11-22,19,freq_sentence
2011-11-23,10,freq_sentence
2011-11-24,18,freq_sentence
2011-11-25,10,freq_sentence
2011-11-28,23,freq_sentence
2011-11-29,14,freq_sentence
2011-11-30,19,freq_sentence
2011-12-01,6,freq_sentence
2011-12-02,12,freq_sentence
2011-12-05,13,freq_sentence
2011-12-06,13,freq_sentence
2011-12-07,23,freq_sentence
2011-12-08,7,freq_sentence
2011-12-09,12,freq_sentence
2011-12-12,16,freq_sentence
2011-12-13,20,freq_sentence
2011-12-14,22,freq_sentence
2011-12-15,4,freq_sentence
2011-12-16,5,freq_sentence
2011-12-19,16,freq_sentence
2011-12-20,13,freq_sentence
2011-12-21,15,freq_sentence
2011-12-22,14,freq_sentence
2011-12-23,21,freq_sentence
2011-12-25,1,freq_sentence
2011-12-26,19,freq_sentence
2011-12-27,18,freq_sentence
2011-12-28,18,freq_sentence
2011-12-29,16,freq_sentence
2011-12-30,14,freq_sentence
2012-01-03,1,freq_sentence
2012-01-04,4,freq_sentence
2012-01-05,6,freq_sentence
2012-01-06,3,freq_sentence
2012-01-10,4,freq_sentence
2012-01-11,9,freq_sentence
2012-01-12,11,freq_sentence
2012-01-13,10,freq_sentence
2012-01-16,12,freq_sentence
2012-01-17,11,freq_sentence
2012-01-18,9,freq_sentence
2012-01-19,18,freq_sentence
2012-01-20,12,freq_sentence
2012-01-22,1,freq_sentence
2012-01-23,23,freq_sentence
2012-01-24,14,freq_sentence
2012-01-25,15,freq_sentence
2012-01-26,22,freq_sentence
2012-01-27,14,freq_sentence
2012-01-28,1,freq_sentence
2012-01-30,16,freq_sentence
2012-01-31,10,freq_sentence
2012-02-01,16,freq_sentence
2012-02-02,18,freq_sentence
2012-02-03,17,freq_sentence
2012-02-06,22,freq_sentence
2012-02-07,7,freq_sentence
2012-02-08,17,freq_sentence
2012-02-09,17,freq_sentence
2012-02-10,15,freq_sentence
2012-02-13,20,freq_sentence
2012-02-14,12,freq_sentence
2012-02-15,12,freq_sentence
2012-02-16,13,freq_sentence
2012-02-17,22,freq_sentence
2012-02-20,15,freq_sentence
2012-02-21,14,freq_sentence
2012-02-22,20,freq_sentence
2012-02-23,6,freq_sentence
2012-02-24,13,freq_sentence
2012-02-27,23,freq_sentence
2012-02-28,17,freq_sentence
2012-02-29,17,freq_sentence
2012-03-01,21,freq_sentence
2012-03-02,9,freq_sentence
2012-03-03,6,freq_sentence
2012-03-05,22,freq_sentence
2012-03-06,25,freq_sentence
2012-03-07,11,freq_sentence
2012-03-12,21,freq_sentence
2012-03-13,20,freq_sentence
2012-03-14,24,freq_sentence
2012-03-15,26,freq_sentence
2012-03-16,17,freq_sentence
2012-03-19,26,freq_sentence
2012-03-20,29,freq_sentence
2012-03-21,15,freq_sentence
2012-03-22,16,freq_sentence
2012-03-23,22,freq_sentence
2012-03-26,16,freq_sentence
2012-03-27,12,freq_sentence
2012-03-28,21,freq_sentence
2012-03-29,18,freq_sentence
2012-03-30,25,freq_sentence
2012-04-02,22,freq_sentence
2012-04-03,27,freq_sentence
2012-04-04,17,freq_sentence
2012-04-05,22,freq_sentence
2012-04-06,17,freq_sentence
2012-04-09,15,freq_sentence
2012-04-10,20,freq_sentence
2012-04-11,15,freq_sentence
2012-04-12,33,freq_sentence
2012-04-13,14,freq_sentence
2012-04-16,1,freq_sentence
2012-04-17,6,freq_sentence
2012-04-18,22,freq_sentence
2012-04-19,20,freq_sentence
2012-04-20,17,freq_sentence
2012-04-23,13,freq_sentence
2012-04-24,20,freq_sentence
2012-04-25,20,freq_sentence
2012-04-26,19,freq_sentence
2012-04-27,22,freq_sentence
2012-04-28,19,freq_sentence
2012-05-03,17,freq_sentence
2012-05-04,22,freq_sentence
2012-05-07,20,freq_sentence
2012-05-08,23,freq_sentence
2012-05-10,25,freq_sentence
2012-05-11,24,freq_sentence
2012-05-14,23,freq_sentence
2012-05-15,17,freq_sentence
2012-05-16,13,freq_sentence
2012-05-17,8,freq_sentence
2012-05-18,14,freq_sentence
2012-05-21,19,freq_sentence
2012-05-22,19,freq_sentence
2012-05-23,36,freq_sentence
2012-05-24,19,freq_sentence
2012-05-25,7,freq_sentence
2012-05-28,24,freq_sentence
2012-05-29,38,freq_sentence
2012-05-30,25,freq_sentence
2012-05-31,24,freq_sentence
2012-06-01,16,freq_sentence
2012-06-05,27,freq_sentence
2012-06-06,26,freq_sentence
2012-06-07,21,freq_sentence
2012-06-08,15,freq_sentence
2012-06-11,44,freq_sentence
2012-06-12,28,freq_sentence
2012-06-13,17,freq_sentence
2012-06-14,33,freq_sentence
2012-06-15,16,freq_sentence
2012-06-16,2,freq_sentence
2012-06-18,16,freq_sentence
2012-06-19,17,freq_sentence
2012-06-20,28,freq_sentence
2012-06-21,18,freq_sentence
2012-06-22,26,freq_sentence
2012-06-23,1,freq_sentence
2012-06-25,32,freq_sentence
2012-06-26,33,freq_sentence
2012-06-27,30,freq_sentence
2012-07-02,11,freq_sentence
2012-07-03,18,freq_sentence
2012-07-04,17,freq_sentence
2012-07-05,15,freq_sentence
2012-07-06,18,freq_sentence
2012-07-07,5,freq_sentence
2012-07-09,21,freq_sentence
2012-07-10,32,freq_sentence
2012-07-11,23,freq_sentence
2012-07-12,18,freq_sentence
2012-07-13,16,freq_sentence
2012-07-15,1,freq_sentence
2012-07-16,14,freq_sentence
2012-07-17,19,freq_sentence
2012-07-18,7,freq_sentence
2012-07-19,16,freq_sentence
2012-07-20,26,freq_sentence
2012-07-23,13,freq_sentence
2012-07-24,17,freq_sentence
2012-07-25,18,freq_sentence
2012-07-26,12,freq_sentence
2012-07-27,9,freq_sentence
2012-07-30,21,freq_sentence
2012-07-31,14,freq_sentence
2012-08-01,17,freq_sentence
2012-08-02,8,freq_sentence
2012-08-03,13,freq_sentence
2012-08-06,9,freq_sentence
2012-08-07,14,freq_sentence
2012-08-08,7,freq_sentence
2012-08-09,10,freq_sentence
2012-08-10,8,freq_sentence
2012-08-13,7,freq_sentence
2012-08-14,9,freq_sentence
2012-08-15,14,freq_sentence
2012-08-16,15,freq_sentence
2012-08-17,7,freq_sentence
2012-08-20,9,freq_sentence
2012-08-21,15,freq_sentence
2012-08-22,11,freq_sentence
2012-08-23,12,freq_sentence
2012-08-27,10,freq_sentence
2012-08-28,13,freq_sentence
2012-08-29,17,freq_sentence
2012-08-30,18,freq_sentence
2012-08-31,12,freq_sentence
2012-09-03,9,freq_sentence
2012-09-04,12,freq_sentence
2012-09-05,15,freq_sentence
2012-09-06,22,freq_sentence
2012-09-07,17,freq_sentence
2012-09-10,21,freq_sentence
2012-09-11,13,freq_sentence
2012-09-12,19,freq_sentence
2012-09-13,14,freq_sentence
2012-09-14,11,freq_sentence
2012-09-17,10,freq_sentence
2012-09-18,15,freq_sentence
2012-09-19,14,freq_sentence
2012-09-20,16,freq_sentence
2012-09-21,12,freq_sentence
2012-09-24,24,freq_sentence
2012-09-25,21,freq_sentence
2012-09-26,21,freq_sentence
2012-09-27,22,freq_sentence
2012-09-28,17,freq_sentence
2012-10-01,17,freq_sentence
2012-10-02,12,freq_sentence
2012-10-03,17,freq_sentence
2012-10-04,14,freq_sentence
2012-10-05,5,freq_sentence
2012-10-08,10,freq_sentence
2012-10-09,14,freq_sentence
2012-10-10,9,freq_sentence
2012-10-11,11,freq_sentence
2012-10-12,13,freq_sentence
2012-10-15,10,freq_sentence
2012-10-16,9,freq_sentence
2012-10-17,15,freq_sentence
2012-10-18,19,freq_sentence
2012-10-19,13,freq_sentence
2012-10-22,9,freq_sentence
2012-10-23,16,freq_sentence
2012-10-24,10,freq_sentence
2012-10-25,16,freq_sentence
2012-10-26,15,freq_sentence
2012-10-29,15,freq_sentence
2012-10-30,15,freq_sentence
2012-10-31,28,freq_sentence
2012-11-01,16,freq_sentence
2012-11-02,19,freq_sentence
2012-11-05,11,freq_sentence
2012-11-06,14,freq_sentence
2012-11-07,13,freq_sentence
2012-11-08,9,freq_sentence
2012-11-09,11,freq_sentence
2012-11-12,12,freq_sentence
2012-11-13,9,freq_sentence
2012-11-14,11,freq_sentence
2012-11-15,16,freq_sentence
2012-11-16,18,freq_sentence
2012-11-19,17,freq_sentence
2012-11-20,14,freq_sentence
2012-11-21,13,freq_sentence
2012-11-22,18,freq_sentence
2012-11-23,11,freq_sentence
2012-11-26,19,freq_sentence
2012-11-27,13,freq_sentence
2012-11-28,20,freq_sentence
2012-11-29,6,freq_sentence
2012-11-30,6,freq_sentence
2012-12-03,19,freq_sentence
2012-12-04,33,freq_sentence
2012-12-05,12,freq_sentence
2012-12-06,19,freq_sentence
2012-12-07,22,freq_sentence
2012-12-10,13,freq_sentence
2012-12-11,16,freq_sentence
2012-12-12,22,freq_sentence
2012-12-13,16,freq_sentence
2012-12-14,9,freq_sentence
2012-12-15,1,freq_sentence
2012-12-17,14,freq_sentence
2012-12-18,19,freq_sentence
2012-12-19,18,freq_sentence
2012-12-20,19,freq_sentence
2012-12-21,17,freq_sentence
2012-12-24,20,freq_sentence
2012-12-25,17,freq_sentence
2012-12-26,19,freq_sentence
2012-12-27,16,freq_sentence
2012-12-28,18,freq_sentence
2012-12-29,12,freq_sentence
2013-01-02,1,freq_sentence
2013-01-03,5,freq_sentence
2013-01-04,1,freq_sentence
2013-01-07,1,freq_sentence
2013-01-08,6,freq_sentence
2013-01-09,2,freq_sentence
2013-01-10,9,freq_sentence
2013-01-11,7,freq_sentence
2013-01-14,2,freq_sentence
2013-01-15,12,freq_sentence
2013-01-16,12,freq_sentence
2013-01-17,10,freq_sentence
2013-01-18,10,freq_sentence
2013-01-21,8,freq_sentence
2013-01-22,13,freq_sentence
2013-01-23,9,freq_sentence
2013-01-24,11,freq_sentence
2013-01-25,18,freq_sentence
2013-01-28,11,freq_sentence
2013-01-29,8,freq_sentence
2013-01-30,13,freq_sentence
2013-01-31,19,freq_sentence
2013-02-01,15,freq_sentence
2013-02-04,21,freq_sentence
2013-02-05,8,freq_sentence
2013-02-06,19,freq_sentence
2013-02-07,24,freq_sentence
2013-02-08,21,freq_sentence
2013-02-11,13,freq_sentence
2013-02-12,12,freq_sentence
2013-02-13,14,freq_sentence
2013-02-14,14,freq_sentence
2013-02-15,19,freq_sentence
2013-02-18,13,freq_sentence
2013-02-19,10,freq_sentence
2013-02-20,19,freq_sentence
2013-02-21,16,freq_sentence
2013-02-22,9,freq_sentence
2013-02-25,12,freq_sentence
2013-02-26,18,freq_sentence
2013-02-27,9,freq_sentence
2013-02-28,21,freq_sentence
2013-03-01,10,freq_sentence
2013-03-04,8,freq_sentence
2013-03-05,17,freq_sentence
2013-03-06,13,freq_sentence
2013-03-07,14,freq_sentence
2013-03-11,11,freq_sentence
2013-03-12,12,freq_sentence
2013-03-13,14,freq_sentence
2013-03-14,20,freq_sentence
2013-03-15,12,freq_sentence
2013-03-18,13,freq_sentence
2013-03-19,9,freq_sentence
2013-03-20,11,freq_sentence
2013-03-21,14,freq_sentence
2013-03-22,10,freq_sentence
2013-03-25,4,freq_sentence
2013-03-26,11,freq_sentence
2013-03-27,22,freq_sentence
2013-03-28,21,freq_sentence
2013-03-29,19,freq_sentence
2013-03-30,1,freq_sentence
2013-04-01,4,freq_sentence
2013-04-02,6,freq_sentence
2013-04-03,13,freq_sentence
2013-04-04,9,freq_sentence
2013-04-05,12,freq_sentence
2013-04-08,19,freq_sentence
2013-04-09,12,freq_sentence
2013-04-10,9,freq_sentence
2013-04-11,10,freq_sentence
2013-04-12,8,freq_sentence
2013-04-15,19,freq_sentence
2013-04-16,9,freq_sentence
2013-04-17,9,freq_sentence
2013-04-18,13,freq_sentence
2013-04-19,10,freq_sentence
2013-04-22,17,freq_sentence
2013-04-23,24,freq_sentence
2013-04-24,20,freq_sentence
2013-04-25,17,freq_sentence
2013-04-26,21,freq_sentence
2013-04-29,22,freq_sentence
2013-04-30,25,freq_sentence
2013-05-02,1,freq_sentence
2013-05-05,1,freq_sentence
2013-05-07,13,freq_sentence
2013-05-08,28,freq_sentence
2013-05-12,1,freq_sentence
2013-05-13,10,freq_sentence
2013-05-14,18,freq_sentence
2013-05-15,12,freq_sentence
2013-05-16,8,freq_sentence
2013-05-17,16,freq_sentence
2013-05-18,3,freq_sentence
2013-05-20,18,freq_sentence
2013-05-21,7,freq_sentence
2013-05-22,9,freq_sentence
2013-05-23,18,freq_sentence
2013-05-24,11,freq_sentence
2013-05-27,17,freq_sentence
2013-05-28,13,freq_sentence
2013-05-29,17,freq_sentence
2013-05-30,14,freq_sentence
2013-05-31,19,freq_sentence
2013-06-01,9,freq_sentence
2013-06-03,9,freq_sentence
2013-06-04,24,freq_sentence
2013-06-05,26,freq_sentence
2013-06-06,15,freq_sentence
2013-06-07,19,freq_sentence
2013-06-10,24,freq_sentence
2013-06-11,24,freq_sentence
2013-06-12,20,freq_sentence
2013-06-13,23,freq_sentence
2013-06-14,17,freq_sentence
2013-06-16,1,freq_sentence
2013-06-17,19,freq_sentence
2013-06-18,24,freq_sentence
2013-06-19,15,freq_sentence
2013-06-20,8,freq_sentence
2013-06-21,19,freq_sentence
2013-06-24,1,freq_sentence
2013-06-25,16,freq_sentence
2013-06-26,17,freq_sentence
2013-06-27,27,freq_sentence
2013-07-01,13,freq_sentence
2013-07-02,15,freq_sentence
2013-07-03,16,freq_sentence
2013-07-04,9,freq_sentence
2013-07-05,7,freq_sentence
2013-07-08,18,freq_sentence
2013-07-09,17,freq_sentence
2013-07-10,11,freq_sentence
2013-07-11,18,freq_sentence
2013-07-12,17,freq_sentence
2013-07-13,1,freq_sentence
2013-07-15,7,freq_sentence
2013-07-16,23,freq_sentence
2013-07-17,16,freq_sentence
2013-07-18,9,freq_sentence
2013-07-19,17,freq_sentence
2013-07-22,17,freq_sentence
2013-07-23,14,freq_sentence
2013-07-24,7,freq_sentence
2013-07-25,21,freq_sentence
2013-07-26,10,freq_sentence
2013-07-27,1,freq_sentence
2013-07-29,10,freq_sentence
2013-07-30,9,freq_sentence
2013-07-31,7,freq_sentence
2013-08-01,15,freq_sentence
2013-08-02,7,freq_sentence
2013-08-05,15,freq_sentence
2013-08-06,20,freq_sentence
2013-08-07,13,freq_sentence
2013-08-08,5,freq_sentence
2013-08-09,16,freq_sentence
2013-08-12,9,freq_sentence
2013-08-13,7,freq_sentence
2013-08-14,8,freq_sentence
2013-08-15,14,freq_sentence
2013-08-16,10,freq_sentence
2013-08-19,10,freq_sentence
2013-08-20,12,freq_sentence
2013-08-21,11,freq_sentence
2013-08-22,12,freq_sentence
2013-08-23,13,freq_sentence
2013-08-26,1,freq_sentence
2013-08-27,16,freq_sentence
2013-08-28,9,freq_sentence
2013-08-29,10,freq_sentence
2013-08-30,3,freq_sentence
2013-09-02,12,freq_sentence
2013-09-03,9,freq_sentence
2013-09-04,11,freq_sentence
2013-09-05,5,freq_sentence
2013-09-06,10,freq_sentence
2013-09-08,1,freq_sentence
2013-09-09,4,freq_sentence
2013-09-10,6,freq_sentence
2013-09-11,8,freq_sentence
2013-09-12,16,freq_sentence
2013-09-13,18,freq_sentence
2013-09-15,1,freq_sentence
2013-09-16,6,freq_sentence
2013-09-17,22,freq_sentence
2013-09-18,10,freq_sentence
2013-09-19,6,freq_sentence
2013-09-20,14,freq_sentence
2013-09-23,9,freq_sentence
2013-09-24,5,freq_sentence
2013-09-25,26,freq_sentence
2013-09-26,7,freq_sentence
2013-09-27,18,freq_sentence
2013-09-29,1,freq_sentence
2013-09-30,9,freq_sentence
2013-10-01,9,freq_sentence
2013-10-02,19,freq_sentence
2013-10-03,11,freq_sentence
2013-10-04,17,freq_sentence
2013-10-05,1,freq_sentence
2013-10-07,17,freq_sentence
2013-10-08,15,freq_sentence
2013-10-09,16,freq_sentence
2013-10-10,25,freq_sentence
2013-10-11,11,freq_sentence
2013-10-14,13,freq_sentence
2013-10-15,21,freq_sentence
2013-10-16,17,freq_sentence
2013-10-17,18,freq_sentence
2013-10-18,27,freq_sentence
2013-10-21,16,freq_sentence
2013-10-22,8,freq_sentence
2013-10-23,6,freq_sentence
2013-10-24,12,freq_sentence
2013-10-25,9,freq_sentence
2013-10-28,13,freq_sentence
2013-10-29,18,freq_sentence
2013-10-30,8,freq_sentence
2013-10-31,9,freq_sentence
2013-11-01,6,freq_sentence
2013-11-04,11,freq_sentence
2013-11-05,11,freq_sentence
2013-11-06,11,freq_sentence
2013-11-07,10,freq_sentence
2013-11-08,7,freq_sentence
2013-11-11,16,freq_sentence
2013-11-12,19,freq_sentence
2013-11-13,10,freq_sentence
2013-11-14,19,freq_sentence
2013-11-15,16,freq_sentence
2013-11-18,19,freq_sentence
2013-11-19,12,freq_sentence
2013-11-20,12,freq_sentence
2013-11-21,6,freq_sentence
2013-11-22,7,freq_sentence
2013-11-25,12,freq_sentence
2013-11-26,11,freq_sentence
2013-11-27,10,freq_sentence
2013-11-28,20,freq_sentence
2013-11-29,15,freq_sentence
2013-12-02,11,freq_sentence
2013-12-03,11,freq_sentence
2013-12-04,8,freq_sentence
2013-12-05,10,freq_sentence
2013-12-06,10,freq_sentence
2013-12-09,18,freq_sentence
2013-12-10,10,freq_sentence
2013-12-11,7,freq_sentence
2013-12-12,17,freq_sentence
2013-12-13,10,freq_sentence
2013-12-16,19,freq_sentence
2013-12-17,10,freq_sentence
2013-12-18,8,freq_sentence
2013-12-19,12,freq_sentence
2013-12-20,3,freq_sentence
2013-12-22,1,freq_sentence
2013-12-23,16,freq_sentence
2013-12-24,12,freq_sentence
2013-12-25,9,freq_sentence
2013-12-26,10,freq_sentence
2013-12-27,5,freq_sentence
2013-12-28,1,freq_sentence
2013-12-30,9,freq_sentence
2013-12-31,4,freq_sentence
2014-01-08,3,freq_sentence
2014-01-09,4,freq_sentence
2014-01-10,1,freq_sentence
2014-01-13,2,freq_sentence
2014-01-14,1,freq_sentence
2014-01-15,9,freq_sentence
2014-01-16,3,freq_sentence
2014-01-17,11,freq_sentence
2014-01-20,9,freq_sentence
2014-01-21,7,freq_sentence
2014-01-22,6,freq_sentence
2014-01-23,9,freq_sentence
2014-01-24,7,freq_sentence
2014-01-25,1,freq_sentence
2014-01-27,3,freq_sentence
2014-01-28,11,freq_sentence
2014-01-29,9,freq_sentence
2014-01-30,8,freq_sentence
2014-01-31,6,freq_sentence
2014-02-03,6,freq_sentence
2014-02-04,11,freq_sentence
2014-02-05,9,freq_sentence
2014-02-06,7,freq_sentence
2014-02-07,6,freq_sentence
2014-02-08,1,freq_sentence
2014-02-10,10,freq_sentence
2014-02-11,12,freq_sentence
2014-02-12,18,freq_sentence
2014-02-13,12,freq_sentence
2014-02-14,11,freq_sentence
2014-02-17,13,freq_sentence
2014-02-18,10,freq_sentence
2014-02-19,12,freq_sentence
2014-02-20,17,freq_sentence
2014-02-21,3,freq_sentence
2014-02-24,5,freq_sentence
2014-02-25,11,freq_sentence
2014-02-26,10,freq_sentence
2014-02-27,9,freq_sentence
2014-02-28,6,freq_sentence
2014-03-03,7,freq_sentence
2014-03-04,10,freq_sentence
2014-03-05,15,freq_sentence
2014-03-06,11,freq_sentence
2014-03-07,3,freq_sentence
2014-03-11,9,freq_sentence
2014-03-12,10,freq_sentence
2014-03-13,18,freq_sentence
2014-03-14,7,freq_sentence
2014-03-17,7,freq_sentence
2014-03-18,11,freq_sentence
2014-03-19,14,freq_sentence
2014-03-20,16,freq_sentence
2014-03-21,18,freq_sentence
2014-03-24,18,freq_sentence
2014-03-25,10,freq_sentence
2014-03-26,9,freq_sentence
2014-03-27,9,freq_sentence
2014-03-28,11,freq_sentence
2014-03-31,9,freq_sentence
2014-04-01,13,freq_sentence
2014-04-02,10,freq_sentence
2014-04-03,12,freq_sentence
2014-04-04,11,freq_sentence
2014-04-07,5,freq_sentence
2014-04-08,17,freq_sentence
2014-04-09,8,freq_sentence
2014-04-10,10,freq_sentence
2014-04-11,12,freq_sentence
2014-04-13,1,freq_sentence
2014-04-14,16,freq_sentence
2014-04-15,16,freq_sentence
2014-04-16,13,freq_sentence
2014-04-17,9,freq_sentence
2014-04-18,7,freq_sentence
2014-04-22,11,freq_sentence
2014-04-23,14,freq_sentence
2014-04-24,22,freq_sentence
2014-04-25,14,freq_sentence
2014-04-28,12,freq_sentence
2014-04-29,24,freq_sentence
2014-04-30,12,freq_sentence
2014-05-05,16,freq_sentence
2014-05-06,15,freq_sentence
2014-05-07,13,freq_sentence
2014-05-08,17,freq_sentence
2014-05-12,20,freq_sentence
2014-05-13,15,freq_sentence
2014-05-14,12,freq_sentence
2014-05-15,21,freq_sentence
2014-05-16,11,freq_sentence
2014-05-19,13,freq_sentence
2014-05-20,17,freq_sentence
2014-05-21,17,freq_sentence
2014-05-22,12,freq_sentence
2014-05-23,21,freq_sentence
2014-05-26,25,freq_sentence
2014-05-27,23,freq_sentence
2014-05-28,25,freq_sentence
2014-05-29,15,freq_sentence
2014-05-30,17,freq_sentence
2014-06-02,16,freq_sentence
2014-06-03,23,freq_sentence
2014-06-04,23,freq_sentence
2014-06-05,21,freq_sentence
2014-06-06,21,freq_sentence
2014-06-10,12,freq_sentence
2014-06-11,24,freq_sentence
2014-06-12,17,freq_sentence
2014-06-13,24,freq_sentence
2014-06-14,1,freq_sentence
2014-06-16,25,freq_sentence
2014-06-17,20,freq_sentence
2014-06-18,18,freq_sentence
2014-06-19,13,freq_sentence
2014-06-20,24,freq_sentence
2014-06-23,20,freq_sentence
2014-06-24,13,freq_sentence
2014-06-25,21,freq_sentence
2014-06-26,23,freq_sentence
2014-06-27,27,freq_sentence
2014-07-01,21,freq_sentence
2014-07-02,17,freq_sentence
2014-07-03,13,freq_sentence
2014-07-04,14,freq_sentence
2014-07-07,15,freq_sentence
2014-07-08,19,freq_sentence
2014-07-09,21,freq_sentence
2014-07-10,31,freq_sentence
2014-07-11,15,freq_sentence
2014-07-14,10,freq_sentence
2014-07-15,10,freq_sentence
2014-07-16,14,freq_sentence
2014-07-17,13,freq_sentence
2014-07-18,13,freq_sentence
2014-07-19,1,freq_sentence
2014-07-21,6,freq_sentence
2014-07-22,6,freq_sentence
2014-07-23,19,freq_sentence
2014-07-24,8,freq_sentence
2014-07-25,8,freq_sentence
2014-07-26,1,freq_sentence
2014-07-27,1,freq_sentence
2014-07-28,12,freq_sentence
2014-07-29,14,freq_sentence
2014-07-30,10,freq_sentence
2014-07-31,8,freq_sentence
2014-08-01,12,freq_sentence
2014-08-04,11,freq_sentence
2014-08-05,9,freq_sentence
2014-08-06,12,freq_sentence
2014-08-07,8,freq_sentence
2014-08-08,13,freq_sentence
2014-08-11,13,freq_sentence
2014-08-12,12,freq_sentence
2014-08-13,14,freq_sentence
2014-08-14,15,freq_sentence
2014-08-15,10,freq_sentence
2014-08-16,1,freq_sentence
2014-08-18,13,freq_sentence
2014-08-19,10,freq_sentence
2014-08-20,11,freq_sentence
2014-08-21,15,freq_sentence
2014-08-22,10,freq_sentence
2014-08-26,9,freq_sentence
2014-08-27,18,freq_sentence
2014-08-28,12,freq_sentence
2014-08-29,11,freq_sentence
2014-09-01,5,freq_sentence
2014-09-02,10,freq_sentence
2014-09-03,13,freq_sentence
2014-09-04,10,freq_sentence
2014-09-05,11,freq_sentence
2014-09-08,6,freq_sentence
2014-09-09,9,freq_sentence
2014-09-10,9,freq_sentence
2014-09-11,9,freq_sentence
2014-09-12,4,freq_sentence
2014-09-15,12,freq_sentence
2014-09-16,5,freq_sentence
2014-09-17,16,freq_sentence
2014-09-18,8,freq_sentence
2014-09-19,9,freq_sentence
2014-09-22,9,freq_sentence
2014-09-23,7,freq_sentence
2014-09-24,10,freq_sentence
2014-09-25,8,freq_sentence
2014-09-26,12,freq_sentence
2014-09-29,9,freq_sentence
2014-09-30,11,freq_sentence
2014-10-01,14,freq_sentence
2014-10-02,12,freq_sentence
2014-10-03,4,freq_sentence
2014-10-06,17,freq_sentence
2014-10-07,9,freq_sentence
2014-10-08,4,freq_sentence
2014-10-09,10,freq_sentence
2014-10-10,6,freq_sentence
2014-10-13,16,freq_sentence
2014-10-14,9,freq_sentence
2014-10-15,14,freq_sentence
2014-10-16,11,freq_sentence
2014-10-17,10,freq_sentence
2014-10-20,11,freq_sentence
2014-10-21,7,freq_sentence
2014-10-22,9,freq_sentence
2014-10-23,12,freq_sentence
2014-10-24,8,freq_sentence
2014-10-27,10,freq_sentence
2014-10-28,9,freq_sentence
2014-10-29,6,freq_sentence
2014-10-30,7,freq_sentence
2014-10-31,6,freq_sentence
2014-11-03,8,freq_sentence
2014-11-04,4,freq_sentence
2014-11-05,17,freq_sentence
2014-11-06,9,freq_sentence
2014-11-07,4,freq_sentence
2014-11-10,4,freq_sentence
2014-11-11,3,freq_sentence
2014-11-12,8,freq_sentence
2014-11-13,9,freq_sentence
2014-11-14,8,freq_sentence
2014-11-17,5,freq_sentence
2014-11-18,10,freq_sentence
2014-11-19,5,freq_sentence
2014-11-20,9,freq_sentence
2014-11-21,5,freq_sentence
2014-11-24,7,freq_sentence
2014-11-25,3,freq_sentence
2014-11-26,6,freq_sentence
2014-11-27,6,freq_sentence
2014-11-28,4,freq_sentence
2014-12-01,4,freq_sentence
2014-12-02,6,freq_sentence
2014-12-03,5,freq_sentence
2014-12-04,5,freq_sentence
2014-12-05,4,freq_sentence
2014-12-08,3,freq_sentence
2014-12-09,6,freq_sentence
2014-12-10,6,freq_sentence
2014-12-11,2,freq_sentence
2014-12-12,5,freq_sentence
2014-12-15,2,freq_sentence
2014-12-16,8,freq_sentence
2014-12-17,8,freq_sentence
2014-12-18,9,freq_sentence
2014-12-19,2,freq_sentence
2014-12-22,6,freq_sentence
2014-12-23,5,freq_sentence
2014-12-24,10,freq_sentence
2014-12-25,7,freq_sentence
2014-12-26,10,freq_sentence
2014-12-27,1,freq_sentence
2014-12-29,6,freq_sentence
2014-12-30,6,freq_sentence
2014-12-31,1,freq_sentence
2015-01-05,1,freq_sentence
2015-01-06,5,freq_sentence
2015-01-08,1,freq_sentence
2015-01-12,1,freq_sentence
2015-01-13,5,freq_sentence
2015-01-14,13,freq_sentence
2015-01-15,4,freq_sentence
2015-01-16,9,freq_sentence
2015-01-17,1,freq_sentence
2015-01-19,3,freq_sentence
2015-01-20,4,freq_sentence
2015-01-21,8,freq_sentence
2015-01-22,11,freq_sentence
2015-01-23,10,freq_sentence
2015-01-26,9,freq_sentence
2015-01-27,13,freq_sentence
2015-01-28,10,freq_sentence
2015-01-29,11,freq_sentence
2015-01-30,6,freq_sentence
2015-01-31,6,freq_sentence
2015-02-02,9,freq_sentence
2015-02-03,11,freq_sentence
2015-02-04,10,freq_sentence
2015-02-05,9,freq_sentence
2015-02-06,13,freq_sentence
2015-02-09,17,freq_sentence
2015-02-10,17,freq_sentence
2015-02-11,20,freq_sentence
2015-02-12,11,freq_sentence
2015-02-13,17,freq_sentence
2015-02-14,2,freq_sentence
2015-02-15,1,freq_sentence
2015-02-16,9,freq_sentence
2015-02-17,11,freq_sentence
2015-02-18,15,freq_sentence
2015-02-19,10,freq_sentence
2015-02-20,15,freq_sentence
2015-02-21,1,freq_sentence
2015-02-23,15,freq_sentence
2015-02-24,16,freq_sentence
2015-02-25,18,freq_sentence
2015-02-26,19,freq_sentence
2015-02-27,17,freq_sentence
2015-03-02,12,freq_sentence
2015-03-03,22,freq_sentence
2015-03-04,14,freq_sentence
2015-03-05,14,freq_sentence
2015-03-06,11,freq_sentence
2015-03-10,14,freq_sentence
2015-03-11,21,freq_sentence
2015-03-12,19,freq_sentence
2015-03-13,11,freq_sentence
2015-03-16,14,freq_sentence
2015-03-17,21,freq_sentence
2015-03-18,22,freq_sentence
2015-03-19,18,freq_sentence
2015-03-20,23,freq_sentence
2015-03-23,19,freq_sentence
2015-03-24,14,freq_sentence
2015-03-25,19,freq_sentence
2015-03-26,23,freq_sentence
2015-03-27,18,freq_sentence
2015-03-30,17,freq_sentence
2015-03-31,33,freq_sentence
2015-04-01,15,freq_sentence
2015-04-02,17,freq_sentence
2015-04-03,18,freq_sentence
2015-04-06,16,freq_sentence
2015-04-07,17,freq_sentence
2015-04-08,17,freq_sentence
2015-04-09,16,freq_sentence
2015-04-10,13,freq_sentence
2015-04-11,1,freq_sentence
2015-04-14,12,freq_sentence
2015-04-15,27,freq_sentence
2015-04-16,10,freq_sentence
2015-04-17,9,freq_sentence
2015-04-20,11,freq_sentence
2015-04-21,22,freq_sentence
2015-04-22,14,freq_sentence
2015-04-23,17,freq_sentence
2015-04-24,26,freq_sentence
2015-04-27,14,freq_sentence
2015-04-28,18,freq_sentence
2015-04-29,27,freq_sentence
2015-04-30,10,freq_sentence
2015-05-05,24,freq_sentence
2015-05-06,17,freq_sentence
2015-05-07,9,freq_sentence
2015-05-08,12,freq_sentence
2015-05-12,10,freq_sentence
2015-05-13,35,freq_sentence
2015-05-14,15,freq_sentence
2015-05-15,18,freq_sentence
2015-05-18,11,freq_sentence
2015-05-19,8,freq_sentence
2015-05-20,9,freq_sentence
2015-05-21,11,freq_sentence
2015-05-22,8,freq_sentence
2015-05-23,1,freq_sentence
2015-05-25,8,freq_sentence
2015-05-26,12,freq_sentence
2015-05-27,7,freq_sentence
2015-05-28,9,freq_sentence
2015-05-29,11,freq_sentence
2015-06-02,8,freq_sentence
2015-06-03,13,freq_sentence
2015-06-04,18,freq_sentence
2015-06-05,9,freq_sentence
2015-06-08,17,freq_sentence
2015-06-09,14,freq_sentence
2015-06-10,8,freq_sentence
2015-06-11,16,freq_sentence
2015-06-12,9,freq_sentence
2015-06-15,14,freq_sentence
2015-06-16,18,freq_sentence
2015-06-17,8,freq_sentence
2015-06-18,10,freq_sentence
2015-06-19,16,freq_sentence
2015-06-22,10,freq_sentence
2015-06-23,18,freq_sentence
2015-06-24,20,freq_sentence
2015-06-25,21,freq_sentence
2015-06-26,30,freq_sentence
2015-06-30,25,freq_sentence
2015-07-01,10,freq_sentence
2015-07-02,14,freq_sentence
2015-07-03,14,freq_sentence
2015-07-06,12,freq_sentence
2015-07-07,12,freq_sentence
2015-07-08,9,freq_sentence
2015-07-09,11,freq_sentence
2015-07-10,11,freq_sentence
2015-07-13,8,freq_sentence
2015-07-14,14,freq_sentence
2015-07-15,9,freq_sentence
2015-07-16,9,freq_sentence
2015-07-17,10,freq_sentence
2015-07-20,6,freq_sentence
2015-07-21,10,freq_sentence
2015-07-22,8,freq_sentence
2015-07-23,11,freq_sentence
2015-07-24,9,freq_sentence
2015-07-27,6,freq_sentence
2015-07-28,16,freq_sentence
2015-07-29,16,freq_sentence
2015-07-30,5,freq_sentence
2015-07-31,6,freq_sentence
2015-08-03,13,freq_sentence
2015-08-04,8,freq_sentence
2015-08-05,8,freq_sentence
2015-08-06,12,freq_sentence
2015-08-07,5,freq_sentence
2015-08-10,10,freq_sentence
2015-08-11,6,freq_sentence
2015-08-12,7,freq_sentence
2015-08-13,7,freq_sentence
2015-08-14,3,freq_sentence
2015-08-17,10,freq_sentence
2015-08-18,11,freq_sentence
2015-08-19,10,freq_sentence
2015-08-20,3,freq_sentence
2015-08-21,9,freq_sentence
2015-08-25,15,freq_sentence
2015-08-26,4,freq_sentence
2015-08-27,6,freq_sentence
2015-08-28,5,freq_sentence
2015-08-31,6,freq_sentence
2015-09-01,4,freq_sentence
2015-09-02,1,freq_sentence
2015-09-03,2,freq_sentence
2015-09-04,7,freq_sentence
2015-09-06,1,freq_sentence
2015-09-07,8,freq_sentence
2015-09-08,9,freq_sentence
2015-09-09,11,freq_sentence
2015-09-10,4,freq_sentence
2015-09-11,8,freq_sentence
2015-09-12,1,freq_sentence
2015-09-14,13,freq_sentence
2015-09-15,7,freq_sentence
2015-09-16,4,freq_sentence
2015-09-17,10,freq_sentence
2015-09-18,6,freq_sentence
2015-09-21,8,freq_sentence
2015-09-22,4,freq_sentence
2015-09-23,6,freq_sentence
2015-09-24,12,freq_sentence
2015-09-25,9,freq_sentence
2015-09-26,1,freq_sentence
2015-09-29,11,freq_sentence
2015-09-30,11,freq_sentence
2015-10-01,5,freq_sentence
2015-10-02,8,freq_sentence
2015-10-05,5,freq_sentence
2015-10-06,10,freq_sentence
2015-10-07,10,freq_sentence
2015-10-08,6,freq_sentence
2015-10-09,6,freq_sentence
2015-10-12,11,freq_sentence
2015-10-13,9,freq_sentence
2015-10-15,11,freq_sentence
2015-10-16,6,freq_sentence
2015-10-19,10,freq_sentence
2015-10-20,4,freq_sentence
2015-10-21,9,freq_sentence
2015-10-22,8,freq_sentence
2015-10-23,5,freq_sentence
2015-10-26,8,freq_sentence
2015-10-27,7,freq_sentence
2015-10-29,10,freq_sentence
2015-10-30,9,freq_sentence
2015-11-02,4,freq_sentence
2015-11-03,11,freq_sentence
2015-11-04,6,freq_sentence
2015-11-05,11,freq_sentence
2015-11-06,5,freq_sentence
2015-11-09,5,freq_sentence
2015-11-10,11,freq_sentence
2015-11-11,3,freq_sentence
2015-11-12,5,freq_sentence
2015-11-13,4,freq_sentence
2015-11-15,1,freq_sentence
2015-11-16,5,freq_sentence
2015-11-17,6,freq_sentence
2015-11-18,6,freq_sentence
2015-11-19,8,freq_sentence
2015-11-20,3,freq_sentence
2015-11-23,2,freq_sentence
2015-11-24,2,freq_sentence
2015-11-25,6,freq_sentence
2015-11-26,6,freq_sentence
2015-11-27,9,freq_sentence
2015-11-30,6,freq_sentence
2015-12-01,5,freq_sentence
2015-12-02,1,freq_sentence
2015-12-03,4,freq_sentence
2015-12-04,4,freq_sentence
2015-12-07,8,freq_sentence
2015-12-09,5,freq_sentence
2015-12-10,5,freq_sentence
2015-12-11,9,freq_sentence
2015-12-14,5,freq_sentence
2015-12-15,1,freq_sentence
2015-12-16,4,freq_sentence
2015-12-17,7,freq_sentence
2015-12-18,4,freq_sentence
2015-12-21,4,freq_sentence
2015-12-22,7,freq_sentence
2015-12-23,3,freq_sentence
2015-12-24,4,freq_sentence
2015-12-25,6,freq_sentence
2015-12-28,6,freq_sentence
2015-12-29,6,freq_sentence
2015-12-30,2,freq_sentence
2015-12-31,1,freq_sentence
2016-01-05,1,freq_sentence
2016-01-11,2,freq_sentence
2016-01-12,3,freq_sentence
2016-01-13,3,freq_sentence
2016-01-14,4,freq_sentence
2016-01-15,2,freq_sentence
2016-01-16,4,freq_sentence
2016-01-18,3,freq_sentence
2016-01-19,1,freq_sentence
2016-01-20,7,freq_sentence
2016-01-21,9,freq_sentence
2016-01-22,3,freq_sentence
2016-01-25,11,freq_sentence
2016-01-26,6,freq_sentence
2016-01-27,11,freq_sentence
2016-01-28,14,freq_sentence
2016-01-29,5,freq_sentence
2016-02-01,8,freq_sentence
2016-02-02,8,freq_sentence
2016-02-03,6,freq_sentence
2016-02-04,8,freq_sentence
2016-02-05,3,freq_sentence
2016-02-08,10,freq_sentence
2016-02-09,10,freq_sentence
2016-02-10,8,freq_sentence
2016-02-11,11,freq_sentence
2016-02-12,12,freq_sentence
2016-02-13,1,freq_sentence
2016-02-15,14,freq_sentence
2016-02-16,9,freq_sentence
2016-02-17,11,freq_sentence
2016-02-18,16,freq_sentence
2016-02-19,13,freq_sentence
2016-02-22,14,freq_sentence
2016-02-23,13,freq_sentence
2016-02-24,13,freq_sentence
2016-02-25,11,freq_sentence
2016-02-26,8,freq_sentence
2016-02-29,15,freq_sentence
2016-03-01,13,freq_sentence
2016-03-02,7,freq_sentence
2016-03-03,17,freq_sentence
2016-03-04,12,freq_sentence
2016-03-05,1,freq_sentence
2016-03-09,12,freq_sentence
2016-03-10,9,freq_sentence
2016-03-11,11,freq_sentence
2016-03-12,4,freq_sentence
2016-03-14,12,freq_sentence
2016-03-15,9,freq_sentence
2016-03-16,10,freq_sentence
2016-03-17,13,freq_sentence
2016-03-18,11,freq_sentence
2016-03-19,1,freq_sentence
2016-03-21,10,freq_sentence
2016-03-22,15,freq_sentence
2016-03-23,11,freq_sentence
2016-03-24,23,freq_sentence
2016-03-25,8,freq_sentence
2016-03-26,3,freq_sentence
2016-03-28,13,freq_sentence
2016-03-29,7,freq_sentence
2016-03-30,14,freq_sentence
2016-03-31,19,freq_sentence
2016-04-01,13,freq_sentence
2016-04-04,12,freq_sentence
2016-04-05,10,freq_sentence
2016-04-06,14,freq_sentence
2016-04-07,10,freq_sentence
2016-04-08,12,freq_sentence
2016-04-11,13,freq_sentence
2016-04-12,9,freq_sentence
2016-04-13,7,freq_sentence
2016-04-14,9,freq_sentence
2016-04-15,14,freq_sentence
2016-04-18,28,freq_sentence
2016-04-19,10,freq_sentence
2016-04-20,4,freq_sentence
2016-04-21,10,freq_sentence
2016-04-22,7,freq_sentence
2016-04-25,10,freq_sentence
2016-04-26,8,freq_sentence
2016-04-27,4,freq_sentence
2016-04-28,8,freq_sentence
2016-04-29,9,freq_sentence
2016-05-04,12,freq_sentence
2016-05-05,13,freq_sentence
2016-05-06,13,freq_sentence
2016-05-10,11,freq_sentence
2016-05-11,14,freq_sentence
2016-05-12,10,freq_sentence
2016-05-13,10,freq_sentence
2016-05-16,10,freq_sentence
2016-05-17,11,freq_sentence
2016-05-18,11,freq_sentence
2016-05-19,10,freq_sentence
2016-05-20,5,freq_sentence
2016-05-23,12,freq_sentence
2016-05-24,9,freq_sentence
2016-05-25,16,freq_sentence
2016-05-26,17,freq_sentence
2016-05-27,1,freq_sentence
2016-05-30,6,freq_sentence
2016-05-31,5,freq_sentence
2016-06-01,15,freq_sentence
2016-06-02,13,freq_sentence
2016-06-03,14,freq_sentence
2016-06-06,11,freq_sentence
2016-06-07,14,freq_sentence
2016-06-08,17,freq_sentence
2016-06-09,11,freq_sentence
2016-06-10,12,freq_sentence
2016-06-13,10,freq_sentence
2016-06-14,10,freq_sentence
2016-06-15,11,freq_sentence
2016-06-16,18,freq_sentence
2016-06-17,12,freq_sentence
2016-06-21,13,freq_sentence
2016-06-22,4,freq_sentence
2016-06-23,11,freq_sentence
2016-06-24,20,freq_sentence
2016-06-25,2,freq_sentence
2016-06-26,1,freq_sentence
2016-06-27,1,freq_sentence
2016-06-29,13,freq_sentence
2016-06-30,19,freq_sentence
2016-07-01,10,freq_sentence
2016-07-02,1,freq_sentence
2016-07-04,8,freq_sentence
2016-07-05,12,freq_sentence
2016-07-06,12,freq_sentence
2016-07-07,16,freq_sentence
2016-07-08,14,freq_sentence
2016-07-11,13,freq_sentence
2016-07-12,16,freq_sentence
2016-07-13,9,freq_sentence
2016-07-14,7,freq_sentence
2016-07-15,14,freq_sentence
2016-07-18,8,freq_sentence
2016-07-19,8,freq_sentence
2016-07-20,8,freq_sentence
2016-07-21,8,freq_sentence
2016-07-22,2,freq_sentence
2016-07-25,9,freq_sentence
2016-07-26,8,freq_sentence
2016-07-27,13,freq_sentence
2016-07-28,9,freq_sentence
2016-07-29,5,freq_sentence
2016-08-01,12,freq_sentence
2016-08-02,5,freq_sentence
2016-08-03,11,freq_sentence
2016-08-04,6,freq_sentence
2016-08-05,7,freq_sentence
2016-08-08,7,freq_sentence
2016-08-09,8,freq_sentence
2016-08-10,9,freq_sentence
2016-08-11,15,freq_sentence
2016-08-12,5,freq_sentence
2016-08-15,10,freq_sentence
2016-08-16,4,freq_sentence
2016-08-17,9,freq_sentence
2016-08-18,5,freq_sentence
2016-08-19,11,freq_sentence
2016-08-22,4,freq_sentence
2016-08-23,4,freq_sentence
2016-08-25,7,freq_sentence
2016-08-26,2,freq_sentence
2016-08-29,7,freq_sentence
2016-08-30,3,freq_sentence
2016-08-31,4,freq_sentence
2016-09-01,5,freq_sentence
2016-09-02,7,freq_sentence
2016-09-05,10,freq_sentence
2016-09-06,4,freq_sentence
2016-09-07,6,freq_sentence
2016-09-08,3,freq_sentence
2016-09-09,3,freq_sentence
2016-09-12,7,freq_sentence
2016-09-13,3,freq_sentence
2016-09-14,11,freq_sentence
2016-09-15,7,freq_sentence
2016-09-16,2,freq_sentence
2016-09-19,4,freq_sentence
2016-09-20,5,freq_sentence
2016-09-21,3,freq_sentence
2016-09-22,4,freq_sentence
2016-09-23,1,freq_sentence
2016-09-26,2,freq_sentence
2016-09-27,6,freq_sentence
2016-09-28,4,freq_sentence
2016-09-29,5,freq_sentence
2016-09-30,2,freq_sentence
2016-10-02,1,freq_sentence
2016-10-03,10,freq_sentence
2016-10-04,4,freq_sentence
2016-10-05,4,freq_sentence
2016-10-06,11,freq_sentence
2016-10-07,5,freq_sentence
2016-10-10,4,freq_sentence
2016-10-11,7,freq_sentence
2016-10-12,10,freq_sentence
2016-10-13,5,freq_sentence
2016-10-17,4,freq_sentence
2016-10-18,5,freq_sentence
2016-10-19,4,freq_sentence
2016-10-20,3,freq_sentence
2016-10-21,2,freq_sentence
2016-10-22,1,freq_sentence
2016-10-24,7,freq_sentence
2016-10-25,2,freq_sentence
2016-10-26,6,freq_sentence
2016-10-27,4,freq_sentence
2016-10-28,3,freq_sentence
2016-10-31,6,freq_sentence
2016-11-01,8,freq_sentence
2016-11-02,8,freq_sentence
2016-11-03,5,freq_sentence
2016-11-04,1,freq_sentence
2016-11-07,5,freq_sentence
2016-11-08,6,freq_sentence
2016-11-09,7,freq_sentence
2016-11-10,6,freq_sentence
2016-11-11,4,freq_sentence
2016-11-14,2,freq_sentence
2016-11-15,5,freq_sentence
2016-11-16,5,freq_sentence
2016-11-17,3,freq_sentence
2016-11-18,3,freq_sentence
2016-11-21,7,freq_sentence
2016-11-22,3,freq_sentence
2016-11-23,5,freq_sentence
2016-11-24,6,freq_sentence
2016-11-25,4,freq_sentence
2016-11-28,3,freq_sentence
2016-11-29,8,freq_sentence
2016-11-30,2,freq_sentence
2016-12-01,6,freq_sentence
2016-12-02,3,freq_sentence
2016-12-05,4,freq_sentence
2016-12-06,2,freq_sentence
2016-12-07,5,freq_sentence
2016-12-08,4,freq_sentence
2016-12-09,4,freq_sentence
2016-12-12,3,freq_sentence
2016-12-13,5,freq_sentence
2016-12-14,4,freq_sentence
2016-12-15,4,freq_sentence
2016-12-16,6,freq_sentence
2016-12-19,1,freq_sentence
2016-12-20,4,freq_sentence
2016-12-21,3,freq_sentence
2016-12-22,8,freq_sentence
2016-12-23,4,freq_sentence
2016-12-26,4,freq_sentence
2016-12-27,9,freq_sentence
2016-12-28,5,freq_sentence
2016-12-29,1,freq_sentence
2016-12-30,1,freq_sentence
2017-01-04,4,freq_sentence
2017-01-05,3,freq_sentence
2017-01-06,1,freq_sentence
2017-01-10,4,freq_sentence
2017-01-11,1,freq_sentence
2017-01-12,2,freq_sentence
2017-01-13,6,freq_sentence
2017-01-16,4,freq_sentence
2017-01-17,6,freq_sentence
2017-01-18,4,freq_sentence
2017-01-19,3,freq_sentence
2017-01-20,4,freq_sentence
2017-01-22,1,freq_sentence
2017-01-23,8,freq_sentence
2017-01-24,4,freq_sentence
2017-01-25,7,freq_sentence
2017-01-26,5,freq_sentence
2017-01-27,6,freq_sentence
2017-01-30,2,freq_sentence
2017-01-31,6,freq_sentence
2017-02-01,9,freq_sentence
2017-02-02,5,freq_sentence
2017-02-03,3,freq_sentence
2017-02-06,5,freq_sentence
2017-02-07,12,freq_sentence
2017-02-08,7,freq_sentence
2017-02-09,9,freq_sentence
2017-02-10,6,freq_sentence
2017-02-13,8,freq_sentence
2017-02-14,11,freq_sentence
2017-02-15,3,freq_sentence
2017-02-16,5,freq_sentence
2017-02-17,4,freq_sentence
2017-02-18,1,freq_sentence
2017-02-20,11,freq_sentence
2017-02-21,4,freq_sentence
2017-02-22,5,freq_sentence
2017-02-23,5,freq_sentence
2017-02-24,9,freq_sentence
2017-02-27,2,freq_sentence
2017-02-28,6,freq_sentence
2017-03-01,7,freq_sentence
2017-03-02,7,freq_sentence
2017-03-03,11,freq_sentence
2017-03-06,10,freq_sentence
2017-03-07,3,freq_sentence
2017-03-09,12,freq_sentence
2017-03-10,8,freq_sentence
2017-03-13,14,freq_sentence
2017-03-14,5,freq_sentence
2017-03-15,8,freq_sentence
2017-03-16,12,freq_sentence
2017-03-17,6,freq_sentence
2017-03-20,7,freq_sentence
2017-03-21,5,freq_sentence
2017-03-22,8,freq_sentence
2017-03-23,10,freq_sentence
2017-03-24,10,freq_sentence
2017-03-27,8,freq_sentence
2017-03-28,5,freq_sentence
2017-03-29,8,freq_sentence
2017-03-30,4,freq_sentence
2017-03-31,4,freq_sentence
2017-04-03,7,freq_sentence
2017-04-04,5,freq_sentence
2017-04-05,9,freq_sentence
2017-04-06,5,freq_sentence
2017-04-07,9,freq_sentence
2017-04-10,14,freq_sentence
2017-04-11,10,freq_sentence
2017-04-12,8,freq_sentence
2017-04-13,9,freq_sentence
2017-04-14,9,freq_sentence
2017-04-18,4,freq_sentence
2017-04-19,6,freq_sentence
2017-04-20,5,freq_sentence
2017-04-21,11,freq_sentence
2017-04-24,8,freq_sentence
2017-04-25,8,freq_sentence
2017-04-26,8,freq_sentence
2017-04-27,7,freq_sentence
2017-04-28,15,freq_sentence
2017-05-03,11,freq_sentence
2017-05-04,8,freq_sentence
2017-05-05,7,freq_sentence
2017-05-10,16,freq_sentence
2017-05-11,8,freq_sentence
2017-05-12,6,freq_sentence
2017-05-13,7,freq_sentence
2017-05-15,11,freq_sentence
2017-05-16,7,freq_sentence
2017-05-17,8,freq_sentence
2017-05-18,4,freq_sentence
2017-05-19,9,freq_sentence
2017-05-22,9,freq_sentence
2017-05-23,5,freq_sentence
2017-05-24,10,freq_sentence
2017-05-25,8,freq_sentence
2017-05-26,7,freq_sentence
2017-05-29,9,freq_sentence
2017-05-30,7,freq_sentence
2017-05-31,9,freq_sentence
2017-06-01,13,freq_sentence
2017-06-02,9,freq_sentence
2017-06-06,8,freq_sentence
2017-06-07,8,freq_sentence
2017-06-08,12,freq_sentence
2017-06-09,10,freq_sentence
2017-06-12,7,freq_sentence
2017-06-13,6,freq_sentence
2017-06-14,7,freq_sentence
2017-06-15,12,freq_sentence
2017-06-16,5,freq_sentence
2017-06-19,8,freq_sentence
2017-06-20,7,freq_sentence
2017-06-21,8,freq_sentence
2017-06-22,4,freq_sentence
2017-06-23,9,freq_sentence
2017-06-26,13,freq_sentence
2017-06-27,5,freq_sentence
2017-06-29,14,freq_sentence
2017-06-30,8,freq_sentence
2017-07-03,11,freq_sentence
2017-07-04,19,freq_sentence
2017-07-05,14,freq_sentence
2017-07-06,15,freq_sentence
2017-07-07,8,freq_sentence
2017-07-10,10,freq_sentence
2017-07-11,13,freq_sentence
2017-07-12,15,freq_sentence
2017-07-13,11,freq_sentence
2017-07-14,8,freq_sentence
2017-07-15,1,freq_sentence
2017-07-17,18,freq_sentence
2017-07-18,11,freq_sentence
2017-07-19,7,freq_sentence
2017-07-20,17,freq_sentence
2017-07-21,11,freq_sentence
2017-07-24,8,freq_sentence
2017-07-25,9,freq_sentence
2017-07-26,13,freq_sentence
2017-07-27,17,freq_sentence
2017-07-28,19,freq_sentence
2017-07-31,20,freq_sentence
2017-08-01,18,freq_sentence
2017-08-02,8,freq_sentence
2017-08-03,10,freq_sentence
2017-08-04,11,freq_sentence
2017-08-07,8,freq_sentence
2017-08-08,16,freq_sentence
2017-08-09,11,freq_sentence
2017-08-10,14,freq_sentence
2017-08-11,13,freq_sentence
2017-08-14,12,freq_sentence
2017-08-15,14,freq_sentence
2017-08-16,19,freq_sentence
2017-08-17,16,freq_sentence
2017-08-18,5,freq_sentence
2017-08-19,1,freq_sentence
2017-08-20,1,freq_sentence
2017-08-21,10,freq_sentence
2017-08-22,12,freq_sentence
2017-08-23,7,freq_sentence
2017-08-28,20,freq_sentence
2017-08-29,16,freq_sentence
2017-08-30,21,freq_sentence
2017-08-31,10,freq_sentence
2017-09-01,7,freq_sentence
2017-09-04,9,freq_sentence
2017-09-05,14,freq_sentence
2017-09-06,15,freq_sentence
2017-09-07,11,freq_sentence
2017-09-08,14,freq_sentence
2017-09-11,10,freq_sentence
2017-09-12,19,freq_sentence
2017-09-13,13,freq_sentence
2017-09-14,19,freq_sentence
2017-09-15,8,freq_sentence
2017-09-18,9,freq_sentence
2017-09-19,24,freq_sentence
2017-09-20,16,freq_sentence
2017-09-21,18,freq_sentence
2017-09-22,14,freq_sentence
2017-09-25,14,freq_sentence
2017-09-26,18,freq_sentence
2017-09-27,9,freq_sentence
2017-09-28,12,freq_sentence
2017-09-29,12,freq_sentence
2017-10-02,15,freq_sentence
2017-10-03,22,freq_sentence
2017-10-04,13,freq_sentence
2017-10-05,14,freq_sentence
2017-10-06,21,freq_sentence
2017-10-09,18,freq_sentence
2017-10-10,14,freq_sentence
2017-10-11,21,freq_sentence
2017-10-12,19,freq_sentence
2017-10-13,12,freq_sentence
2017-10-17,11,freq_sentence
2017-10-18,23,freq_sentence
2017-10-19,19,freq_sentence
2017-10-20,19,freq_sentence
2017-10-23,12,freq_sentence
2017-10-24,17,freq_sentence
2017-10-25,5,freq_sentence
2017-10-26,8,freq_sentence
2017-10-27,16,freq_sentence
2017-10-30,13,freq_sentence
2017-10-31,17,freq_sentence
2017-11-01,10,freq_sentence
2017-11-02,15,freq_sentence
2017-11-03,12,freq_sentence
2017-11-05,1,freq_sentence
2017-11-06,17,freq_sentence
2017-11-07,12,freq_sentence
2017-11-08,9,freq_sentence
2017-11-09,16,freq_sentence
2017-11-10,13,freq_sentence
2017-11-13,4,freq_sentence
2017-11-14,12,freq_sentence
2017-11-15,14,freq_sentence
2017-11-16,11,freq_sentence
2017-11-17,15,freq_sentence
2017-11-18,1,freq_sentence
2017-11-20,17,freq_sentence
2017-11-21,6,freq_sentence
2017-11-22,17,freq_sentence
2017-11-23,8,freq_sentence
2017-11-24,18,freq_sentence
2017-11-27,13,freq_sentence
2017-11-28,11,freq_sentence
2017-11-29,9,freq_sentence
2017-11-30,15,freq_sentence
2017-12-01,5,freq_sentence
2017-12-04,11,freq_sentence
2017-12-05,13,freq_sentence
2017-12-06,11,freq_sentence
2017-12-07,14,freq_sentence
2017-12-08,8,freq_sentence
2017-12-11,24,freq_sentence
2017-12-12,9,freq_sentence
2017-12-13,8,freq_sentence
2017-12-14,19,freq_sentence
2017-12-15,5,freq_sentence
2017-12-18,11,freq_sentence
2017-12-19,10,freq_sentence
2017-12-20,10,freq_sentence
2017-12-21,11,freq_sentence
2017-12-22,7,freq_sentence
2017-12-26,14,freq_sentence
2017-12-27,7,freq_sentence
2017-12-28,9,freq_sentence
2017-12-29,5,freq_sentence
2018-01-02,2,freq_sentence
2018-01-03,4,freq_sentence
2018-01-04,11,freq_sentence
2018-01-05,5,freq_sentence
2018-01-07,1,freq_sentence
2018-01-09,11,freq_sentence
2018-01-10,10,freq_sentence
2018-01-11,7,freq_sentence
2018-01-12,9,freq_sentence
2018-01-15,24,freq_sentence
2018-01-16,16,freq_sentence
2018-01-17,13,freq_sentence
2018-01-18,11,freq_sentence
2018-01-19,11,freq_sentence
2018-01-22,20,freq_sentence
2018-01-23,13,freq_sentence
2018-01-24,13,freq_sentence
2018-01-25,16,freq_sentence
2018-01-26,20,freq_sentence
2018-01-29,17,freq_sentence
2018-01-30,18,freq_sentence
2018-01-31,14,freq_sentence
2018-02-01,8,freq_sentence
2018-02-02,19,freq_sentence
2018-02-05,17,freq_sentence
2018-02-06,15,freq_sentence
2018-02-07,22,freq_sentence
2018-02-08,15,freq_sentence
2018-02-09,16,freq_sentence
2018-02-12,18,freq_sentence
2018-02-13,21,freq_sentence
2018-02-14,12,freq_sentence
2018-02-15,15,freq_sentence
2018-02-16,8,freq_sentence
2018-02-19,14,freq_sentence
2018-02-20,14,freq_sentence
2018-02-21,10,freq_sentence
2018-02-22,9,freq_sentence
2018-02-23,17,freq_sentence
2018-02-26,18,freq_sentence
2018-02-27,12,freq_sentence
2018-02-28,13,freq_sentence
2018-03-01,26,freq_sentence
2018-03-02,14,freq_sentence
2018-03-03,2,freq_sentence
2018-03-05,28,freq_sentence
2018-03-06,18,freq_sentence
2018-03-07,13,freq_sentence
2018-03-12,16,freq_sentence
2018-03-13,25,freq_sentence
2018-03-14,17,freq_sentence
2018-03-15,20,freq_sentence
2018-03-16,15,freq_sentence
2018-03-19,13,freq_sentence
2018-03-20,11,freq_sentence
2018-03-21,15,freq_sentence
2018-03-22,7,freq_sentence
2018-03-23,14,freq_sentence
2018-03-26,24,freq_sentence
2018-03-27,15,freq_sentence
2018-03-28,12,freq_sentence
2018-03-29,11,freq_sentence
2018-03-30,16,freq_sentence
2018-04-02,16,freq_sentence
2018-04-03,20,freq_sentence
2018-04-04,24,freq_sentence
2018-04-05,33,freq_sentence
2018-04-06,10,freq_sentence
2018-04-10,17,freq_sentence
2018-04-11,24,freq_sentence
2018-04-12,13,freq_sentence
2018-04-13,20,freq_sentence
2018-04-16,23,freq_sentence
2018-04-17,23,freq_sentence
2018-04-18,10,freq_sentence
2018-04-19,14,freq_sentence
2018-04-20,18,freq_sentence
2018-04-23,12,freq_sentence
2018-04-24,16,freq_sentence
2018-04-25,24,freq_sentence
2018-04-26,10,freq_sentence
2018-04-27,19,freq_sentence
2018-05-01,1,freq_sentence
2018-05-02,21,freq_sentence
2018-05-03,26,freq_sentence
2018-05-04,21,freq_sentence
2018-05-05,5,freq_sentence
2018-05-07,20,freq_sentence
2018-05-08,22,freq_sentence
2018-05-10,12,freq_sentence
2018-05-11,19,freq_sentence
2018-05-14,7,freq_sentence
2018-05-15,15,freq_sentence
2018-05-16,14,freq_sentence
2018-05-17,10,freq_sentence
2018-05-18,33,freq_sentence
2018-05-21,12,freq_sentence
2018-05-22,16,freq_sentence
2018-05-23,17,freq_sentence
2018-05-24,23,freq_sentence
2018-05-25,15,freq_sentence
2018-05-29,19,freq_sentence
2018-05-30,29,freq_sentence
2018-05-31,23,freq_sentence
2018-06-01,14,freq_sentence
2018-06-04,20,freq_sentence
2018-06-05,17,freq_sentence
2018-06-06,22,freq_sentence
2018-06-07,28,freq_sentence
2018-06-08,15,freq_sentence
2018-06-11,27,freq_sentence
2018-06-12,22,freq_sentence
2018-06-13,24,freq_sentence
2018-06-14,23,freq_sentence
2018-06-15,20,freq_sentence
2018-06-18,31,freq_sentence
2018-06-19,28,freq_sentence
2018-06-20,24,freq_sentence
2018-06-21,24,freq_sentence
2018-06-22,27,freq_sentence
2018-06-23,11,freq_sentence
2018-06-25,23,freq_sentence
2018-06-26,27,freq_sentence
2018-06-27,27,freq_sentence
2018-07-02,18,freq_sentence
2018-07-03,27,freq_sentence
2018-07-04,25,freq_sentence
2018-07-05,21,freq_sentence
2018-07-06,20,freq_sentence
2018-07-09,23,freq_sentence
2018-07-10,26,freq_sentence
2018-07-11,6,freq_sentence
2018-07-12,15,freq_sentence
2018-07-13,14,freq_sentence
2018-07-16,33,freq_sentence
2018-07-17,17,freq_sentence
2018-07-18,17,freq_sentence
2018-07-19,14,freq_sentence
2018-07-20,17,freq_sentence
2018-07-21,1,freq_sentence
2018-07-22,2,freq_sentence
2018-07-23,15,freq_sentence
2018-07-24,19,freq_sentence
2018-07-25,13,freq_sentence
2018-07-26,13,freq_sentence
2018-07-27,19,freq_sentence
2018-07-30,10,freq_sentence
2018-07-31,22,freq_sentence
2018-08-01,19,freq_sentence
2018-08-02,18,freq_sentence
2018-08-03,9,freq_sentence
2018-08-06,14,freq_sentence
2018-08-07,20,freq_sentence
2018-08-08,16,freq_sentence
2018-08-09,20,freq_sentence
2018-08-10,13,freq_sentence
2018-08-13,12,freq_sentence
2018-08-14,14,freq_sentence
2018-08-15,9,freq_sentence
2018-08-16,10,freq_sentence
2018-08-17,9,freq_sentence
2018-08-20,5,freq_sentence
2018-08-21,15,freq_sentence
2018-08-22,16,freq_sentence
2018-08-23,9,freq_sentence
2018-08-27,12,freq_sentence
2018-08-28,17,freq_sentence
2018-08-29,15,freq_sentence
2018-08-30,15,freq_sentence
2018-08-31,14,freq_sentence
2018-09-01,1,freq_sentence
2018-09-03,12,freq_sentence
2018-09-04,22,freq_sentence
2018-09-05,22,freq_sentence
2018-09-06,16,freq_sentence
2018-09-07,12,freq_sentence
2018-09-10,16,freq_sentence
2018-09-11,20,freq_sentence
2018-09-12,16,freq_sentence
2018-09-13,22,freq_sentence
2018-09-14,21,freq_sentence
2018-09-17,26,freq_sentence
2018-09-18,20,freq_sentence
2018-09-19,20,freq_sentence
2018-09-20,20,freq_sentence
2018-09-21,21,freq_sentence
2018-09-24,23,freq_sentence
2018-09-25,20,freq_sentence
2018-09-26,17,freq_sentence
2018-09-27,22,freq_sentence
2018-09-28,19,freq_sentence
2018-10-01,20,freq_sentence
2018-10-02,18,freq_sentence
2018-10-03,14,freq_sentence
2018-10-04,20,freq_sentence
2018-10-05,20,freq_sentence
2018-10-08,8,freq_sentence
2018-10-09,21,freq_sentence
2018-10-10,38,freq_sentence
2018-10-11,24,freq_sentence
2018-10-12,18,freq_sentence
2018-10-16,22,freq_sentence
2018-10-17,16,freq_sentence
2018-10-18,18,freq_sentence
2018-10-19,15,freq_sentence
2018-10-20,1,freq_sentence
2018-10-22,21,freq_sentence
2018-10-23,10,freq_sentence
2018-10-24,20,freq_sentence
2018-10-25,16,freq_sentence
2018-10-26,11,freq_sentence
2018-10-29,16,freq_sentence
2018-10-30,18,freq_sentence
2018-10-31,18,freq_sentence
2018-11-01,12,freq_sentence
2018-11-02,12,freq_sentence
2018-11-05,29,freq_sentence
2018-11-06,19,freq_sentence
2018-11-07,17,freq_sentence
2018-11-08,20,freq_sentence
2018-11-09,14,freq_sentence
2018-11-12,15,freq_sentence
2018-11-13,20,freq_sentence
2018-11-14,22,freq_sentence
2018-11-15,17,freq_sentence
2018-11-16,16,freq_sentence
2018-11-19,19,freq_sentence
2018-11-20,14,freq_sentence
2018-11-21,15,freq_sentence
2018-11-22,8,freq_sentence
2018-11-23,12,freq_sentence
2018-11-26,19,freq_sentence
2018-11-27,57,freq_sentence
2018-11-28,26,freq_sentence
2018-11-29,15,freq_sentence
2018-11-30,19,freq_sentence
2018-12-03,10,freq_sentence
2018-12-04,17,freq_sentence
2018-12-05,15,freq_sentence
2018-12-06,14,freq_sentence
2018-12-07,9,freq_sentence
2018-12-09,1,freq_sentence
2018-12-10,19,freq_sentence
2018-12-11,17,freq_sentence
2018-12-12,17,freq_sentence
2018-12-13,25,freq_sentence
2018-12-14,27,freq_sentence
2018-12-17,13,freq_sentence
2018-12-18,12,freq_sentence
2018-12-19,20,freq_sentence
2018-12-20,13,freq_sentence
2018-12-21,11,freq_sentence
2018-12-22,26,freq_sentence
2018-12-25,2,freq_sentence
2018-12-26,16,freq_sentence
2018-12-27,23,freq_sentence
2018-12-28,13,freq_sentence
2018-12-29,2,freq_sentence
2019-01-01,1,freq_sentence
2019-01-02,4,freq_sentence
2019-01-03,2,freq_sentence
2019-01-04,12,freq_sentence
2019-01-08,9,freq_sentence
2019-01-09,15,freq_sentence
2019-01-10,13,freq_sentence
2019-01-11,10,freq_sentence
2019-01-13,1,freq_sentence
2019-01-14,8,freq_sentence
2019-01-15,15,freq_sentence
2019-01-16,15,freq_sentence
2019-01-17,17,freq_sentence
2019-01-18,18,freq_sentence
2019-01-21,20,freq_sentence
2019-01-22,30,freq_sentence
2019-01-23,11,freq_sentence
2019-01-24,23,freq_sentence
2019-01-25,25,freq_sentence
2019-01-28,22,freq_sentence
2019-01-29,22,freq_sentence
2019-01-30,26,freq_sentence
2019-01-31,33,freq_sentence
2019-02-01,15,freq_sentence
2019-02-04,19,freq_sentence
2019-02-05,30,freq_sentence
2019-02-06,21,freq_sentence
2019-02-07,41,freq_sentence
2019-02-08,14,freq_sentence
2019-02-11,19,freq_sentence
2019-02-12,21,freq_sentence
2019-02-13,25,freq_sentence
2019-02-14,24,freq_sentence
2019-02-15,22,freq_sentence
2019-02-18,27,freq_sentence
2019-02-19,34,freq_sentence
2019-02-20,25,freq_sentence
2019-02-21,27,freq_sentence
2019-02-22,12,freq_sentence
2019-02-25,23,freq_sentence
2019-02-26,25,freq_sentence
2019-02-27,31,freq_sentence
2019-02-28,32,freq_sentence
2019-03-01,23,freq_sentence
2019-03-02,1,freq_sentence
2019-03-04,24,freq_sentence
2019-03-05,38,freq_sentence
2019-03-06,28,freq_sentence
2019-03-07,12,freq_sentence
2019-03-11,32,freq_sentence
2019-03-12,38,freq_sentence
2019-03-13,30,freq_sentence
2019-03-14,31,freq_sentence
2019-03-15,33,freq_sentence
2019-03-17,1,freq_sentence
2019-03-18,20,freq_sentence
2019-03-19,27,freq_sentence
2019-03-20,36,freq_sentence
2019-03-21,18,freq_sentence
2019-03-22,25,freq_sentence
2019-03-23,2,freq_sentence
2019-03-25,18,freq_sentence
2019-03-26,20,freq_sentence
2019-03-27,17,freq_sentence
2019-03-28,32,freq_sentence
2019-03-29,30,freq_sentence
2019-04-01,30,freq_sentence
2019-04-02,30,freq_sentence
2019-04-03,30,freq_sentence
2019-04-04,34,freq_sentence
2019-04-05,16,freq_sentence
2019-04-08,32,freq_sentence
2019-04-09,35,freq_sentence
2019-04-10,24,freq_sentence
2019-04-11,35,freq_sentence
2019-04-12,26,freq_sentence
2019-04-15,22,freq_sentence
2019-04-16,27,freq_sentence
2019-04-17,27,freq_sentence
2019-04-18,26,freq_sentence
2019-04-19,22,freq_sentence
2019-04-22,32,freq_sentence
2019-04-23,27,freq_sentence
2019-04-24,24,freq_sentence
2019-04-25,29,freq_sentence
2019-04-26,23,freq_sentence
2019-05-02,23,freq_sentence
2019-05-03,25,freq_sentence
2019-05-06,25,freq_sentence
2019-05-07,21,freq_sentence
2019-05-08,17,freq_sentence
2019-05-10,23,freq_sentence
2019-05-11,5,freq_sentence
2019-05-13,21,freq_sentence
2019-05-14,35,freq_sentence
2019-05-15,22,freq_sentence
2019-05-16,19,freq_sentence
2019-05-17,30,freq_sentence
2019-05-20,21,freq_sentence
2019-05-21,35,freq_sentence
2019-05-22,13,freq_sentence
2019-05-23,32,freq_sentence
2019-05-24,29,freq_sentence
2019-05-27,15,freq_sentence
2019-05-28,25,freq_sentence
2019-05-29,26,freq_sentence
2019-05-30,30,freq_sentence
2019-05-31,18,freq_sentence
2019-06-03,24,freq_sentence
2019-06-04,22,freq_sentence
2019-06-05,17,freq_sentence
2019-06-06,23,freq_sentence
2019-06-07,19,freq_sentence
2019-06-10,27,freq_sentence
2019-06-11,30,freq_sentence
2019-06-12,44,freq_sentence
2019-06-13,23,freq_sentence
2019-06-14,30,freq_sentence
2019-06-18,29,freq_sentence
2019-06-19,42,freq_sentence
2019-06-20,29,freq_sentence
2019-06-21,19,freq_sentence
2019-06-24,28,freq_sentence
2019-06-25,30,freq_sentence
2019-06-26,28,freq_sentence
2019-06-27,20,freq_sentence
2019-07-01,23,freq_sentence
2019-07-02,24,freq_sentence
2019-07-03,18,freq_sentence
2019-07-04,26,freq_sentence
2019-07-05,20,freq_sentence
2019-07-08,25,freq_sentence
2019-07-09,30,freq_sentence
2019-07-10,26,freq_sentence
2019-07-11,25,freq_sentence
2019-07-12,27,freq_sentence
2019-07-15,35,freq_sentence
2019-07-16,37,freq_sentence
2019-07-17,24,freq_sentence
2019-07-18,20,freq_sentence
2019-07-19,23,freq_sentence
2019-07-20,3,freq_sentence
2019-07-22,30,freq_sentence
2019-07-23,23,freq_sentence
2019-07-24,19,freq_sentence
2019-07-25,24,freq_sentence
2019-07-26,12,freq_sentence
2019-07-29,21,freq_sentence
2019-07-30,27,freq_sentence
2019-07-31,24,freq_sentence
2019-08-01,38,freq_sentence
2019-08-02,18,freq_sentence
2019-08-05,22,freq_sentence
2019-08-06,24,freq_sentence
2019-08-07,29,freq_sentence
2019-08-08,16,freq_sentence
2019-08-09,23,freq_sentence
2019-08-12,37,freq_sentence
2019-08-13,30,freq_sentence
2019-08-14,22,freq_sentence
2019-08-15,17,freq_sentence
2019-08-16,25,freq_sentence
2019-08-19,26,freq_sentence
2019-08-20,24,freq_sentence
2019-08-21,32,freq_sentence
2019-08-22,22,freq_sentence
2019-08-23,10,freq_sentence
2019-08-27,26,freq_sentence
2019-08-28,22,freq_sentence
2019-08-29,21,freq_sentence
2019-08-30,23,freq_sentence
2019-09-02,21,freq_sentence
2019-09-03,33,freq_sentence
2019-09-04,16,freq_sentence
2019-09-05,32,freq_sentence
2019-09-06,18,freq_sentence
2019-09-09,28,freq_sentence
2019-09-10,29,freq_sentence
2019-09-11,24,freq_sentence
2019-09-12,12,freq_sentence
2019-09-13,13,freq_sentence
2019-09-16,35,freq_sentence
2019-09-17,32,freq_sentence
2019-09-18,24,freq_sentence
2019-09-19,29,freq_sentence
2019-09-20,23,freq_sentence
2019-09-23,35,freq_sentence
2019-09-24,26,freq_sentence
2019-09-25,26,freq_sentence
2019-09-26,31,freq_sentence
2019-09-27,24,freq_sentence
2019-09-30,25,freq_sentence
2019-10-01,28,freq_sentence
2019-10-02,26,freq_sentence
2019-10-03,19,freq_sentence
2019-10-04,14,freq_sentence
2019-10-07,22,freq_sentence
2019-10-08,27,freq_sentence
2019-10-09,12,freq_sentence
2019-10-10,17,freq_sentence
2019-10-11,15,freq_sentence
2019-10-15,23,freq_sentence
2019-10-16,19,freq_sentence
2019-10-17,13,freq_sentence
2019-10-18,10,freq_sentence
2019-10-21,8,freq_sentence
2019-10-22,17,freq_sentence
2019-10-23,19,freq_sentence
2019-10-24,19,freq_sentence
2019-10-25,18,freq_sentence
2019-10-28,10,freq_sentence
2019-10-29,10,freq_sentence
2019-10-30,14,freq_sentence
2019-10-31,9,freq_sentence
2019-11-01,5,freq_sentence
2019-11-04,3,freq_sentence
2019-11-05,7,freq_sentence
2019-11-06,6,freq_sentence
2019-11-07,5,freq_sentence
2019-11-08,3,freq_sentence
2019-11-11,9,freq_sentence
2019-11-12,18,freq_sentence
2019-11-13,4,freq_sentence
2019-11-14,5,freq_sentence
2019-11-15,10,freq_sentence
2019-11-18,8,freq_sentence
2019-11-19,8,freq_sentence
2019-11-20,6,freq_sentence
2019-11-21,4,freq_sentence
2019-11-22,4,freq_sentence
2019-11-25,6,freq_sentence
2019-11-26,2,freq_sentence
2019-11-27,9,freq_sentence
2019-11-28,4,freq_sentence
2019-11-29,8,freq_sentence
2019-12-02,4,freq_sentence
2019-12-03,10,freq_sentence
2019-12-04,5,freq_sentence
2019-12-05,6,freq_sentence
2019-12-06,5,freq_sentence
2019-12-09,8,freq_sentence
2019-12-10,5,freq_sentence
2019-12-11,6,freq_sentence
2019-12-12,10,freq_sentence
2019-12-13,4,freq_sentence
2019-12-16,4,freq_sentence
2019-12-17,8,freq_sentence
2019-12-18,3,freq_sentence
2019-12-19,5,freq_sentence
2019-12-20,9,freq_sentence
2019-12-21,4,freq_sentence
2019-12-23,12,freq_sentence
2019-12-24,8,freq_sentence
2019-12-26,10,freq_sentence
2019-12-27,9,freq_sentence
2019-12-28,6,freq_sentence
2020-01-02,1,freq_sentence
2020-01-03,2,freq_sentence
2020-01-05,1,freq_sentence
2020-01-08,4,freq_sentence
2020-01-09,5,freq_sentence
2020-01-10,6,freq_sentence
2020-01-11,4,freq_sentence
2020-01-13,9,freq_sentence
2020-01-14,11,freq_sentence
2020-01-15,12,freq_sentence
2020-01-16,11,freq_sentence
2020-01-17,8,freq_sentence
2020-01-20,11,freq_sentence
2020-01-21,15,freq_sentence
2020-01-22,19,freq_sentence
2020-01-23,17,freq_sentence
2020-01-24,12,freq_sentence
2020-01-27,17,freq_sentence
2020-01-28,17,freq_sentence
2020-01-29,17,freq_sentence
2020-01-30,26,freq_sentence
2020-01-31,8,freq_sentence
2020-02-03,14,freq_sentence
2020-02-04,14,freq_sentence
2020-02-05,29,freq_sentence
2020-02-06,26,freq_sentence
2020-02-07,16,freq_sentence
2020-02-10,21,freq_sentence
2020-02-11,9,freq_sentence
2020-02-12,21,freq_sentence
2020-02-13,32,freq_sentence
2020-02-14,31,freq_sentence
2020-02-17,31,freq_sentence
2020-02-18,28,freq_sentence
2020-02-19,22,freq_sentence
2020-02-20,17,freq_sentence
2020-02-21,9,freq_sentence
2020-02-22,1,freq_sentence
2020-02-24,13,freq_sentence
2020-02-25,20,freq_sentence
2020-02-26,22,freq_sentence
2020-02-27,22,freq_sentence
2020-02-28,24,freq_sentence
2020-03-02,24,freq_sentence
2020-03-03,21,freq_sentence
2020-03-04,39,freq_sentence
2020-03-05,17,freq_sentence
2020-03-06,13,freq_sentence
2020-03-09,1,freq_sentence
2020-03-10,26,freq_sentence
2020-03-11,21,freq_sentence
2020-03-12,21,freq_sentence
2020-03-13,14,freq_sentence
2020-03-16,19,freq_sentence
2020-03-17,17,freq_sentence
2020-03-18,17,freq_sentence
2020-03-19,9,freq_sentence
2020-03-20,13,freq_sentence
2020-03-23,13,freq_sentence
2020-03-24,27,freq_sentence
2020-03-25,31,freq_sentence
2020-03-26,12,freq_sentence
2020-03-27,20,freq_sentence
2020-03-30,3,freq_sentence
2020-03-31,13,freq_sentence
2020-04-01,8,freq_sentence
2020-04-02,5,freq_sentence
2020-04-03,12,freq_sentence
2020-04-06,11,freq_sentence
2020-04-07,9,freq_sentence
2020-04-08,15,freq_sentence
2020-04-09,6,freq_sentence
2020-04-10,17,freq_sentence
2020-04-13,11,freq_sentence
2020-04-14,14,freq_sentence
2020-04-15,15,freq_sentence
2020-04-16,12,freq_sentence
2020-04-17,5,freq_sentence
2020-04-21,12,freq_sentence
2020-04-22,12,freq_sentence
2020-04-23,17,freq_sentence
2020-04-24,17,freq_sentence
2020-04-27,28,freq_sentence
2020-04-28,28,freq_sentence
2020-04-29,28,freq_sentence
2020-04-30,17,freq_sentence
2020-05-04,14,freq_sentence
2020-05-05,19,freq_sentence
2020-05-06,15,freq_sentence
2020-05-07,19,freq_sentence
2020-05-08,15,freq_sentence
2020-05-12,22,freq_sentence
2020-05-13,27,freq_sentence
2020-05-14,27,freq_sentence
2020-05-15,14,freq_sentence
2020-05-18,14,freq_sentence
2020-05-19,19,freq_sentence
2020-05-20,24,freq_sentence
2020-05-21,25,freq_sentence
2020-05-22,22,freq_sentence
2020-05-25,26,freq_sentence
2020-05-26,23,freq_sentence
2020-05-27,15,freq_sentence
2020-05-28,25,freq_sentence
2020-05-29,17,freq_sentence
2020-06-01,20,freq_sentence
2020-06-02,23,freq_sentence
2020-06-03,29,freq_sentence
2020-06-04,15,freq_sentence
2020-06-05,20,freq_sentence
2020-06-09,28,freq_sentence
2020-06-10,27,freq_sentence
2020-06-11,31,freq_sentence
2020-06-12,43,freq_sentence
2020-06-15,20,freq_sentence
2020-06-16,27,freq_sentence
2020-06-17,28,freq_sentence
2020-06-18,30,freq_sentence
2020-06-19,17,freq_sentence
2020-06-22,24,freq_sentence
2020-06-23,33,freq_sentence
2020-06-24,34,freq_sentence
2020-06-25,17,freq_sentence
2020-06-26,25,freq_sentence
2020-06-30,25,freq_sentence
2020-07-01,29,freq_sentence
2020-07-02,33,freq_sentence
2020-07-03,18,freq_sentence
2020-07-06,21,freq_sentence
2020-07-07,20,freq_sentence
2020-07-08,23,freq_sentence
2020-07-09,24,freq_sentence
2020-07-10,20,freq_sentence
2020-07-13,18,freq_sentence
2020-07-14,21,freq_sentence
2020-07-15,20,freq_sentence
2020-07-16,19,freq_sentence
2020-07-17,20,freq_sentence
2020-07-20,18,freq_sentence
2020-07-21,24,freq_sentence
2020-07-22,36,freq_sentence
2020-07-23,41,freq_sentence
2020-07-24,27,freq_sentence
2020-07-27,24,freq_sentence
2020-07-28,21,freq_sentence
2020-07-29,24,freq_sentence
2020-07-30,18,freq_sentence
2020-07-31,20,freq_sentence
2020-08-01,1,freq_sentence
2020-08-03,20,freq_sentence
2020-08-04,11,freq_sentence
2020-08-05,13,freq_sentence
2020-08-06,37,freq_sentence
2020-08-07,14,freq_sentence
2020-08-10,13,freq_sentence
2020-08-11,22,freq_sentence
2020-08-12,26,freq_sentence
2020-08-13,37,freq_sentence
2020-08-14,27,freq_sentence
2020-08-17,28,freq_sentence
2020-08-18,36,freq_sentence
2020-08-19,20,freq_sentence
2020-08-20,34,freq_sentence
2020-08-21,10,freq_sentence
2020-08-25,12,freq_sentence
2020-08-26,26,freq_sentence
2020-08-27,20,freq_sentence
2020-08-28,26,freq_sentence
2020-08-31,30,freq_sentence
2020-09-01,10,freq_sentence
2020-09-02,27,freq_sentence
2020-09-03,16,freq_sentence
2020-09-04,31,freq_sentence
2020-09-07,24,freq_sentence
2020-09-08,30,freq_sentence
2020-09-09,26,freq_sentence
2020-09-10,38,freq_sentence
2020-09-11,19,freq_sentence
2020-09-14,15,freq_sentence
2020-09-15,24,freq_sentence
2020-09-16,36,freq_sentence
2020-09-17,36,freq_sentence
2020-09-18,24,freq_sentence
2020-09-21,18,freq_sentence
2020-09-22,53,freq_sentence
2020-09-23,27,freq_sentence
2020-09-24,23,freq_sentence
2020-09-25,24,freq_sentence
2020-09-28,15,freq_sentence
2020-09-29,33,freq_sentence
2020-09-30,32,freq_sentence
2020-10-01,31,freq_sentence
2020-10-02,27,freq_sentence
2020-10-05,20,freq_sentence
2020-10-06,40,freq_sentence
2020-10-07,27,freq_sentence
2020-10-08,21,freq_sentence
2020-10-09,29,freq_sentence
2020-10-12,30,freq_sentence
2020-10-13,30,freq_sentence
2020-10-15,22,freq_sentence
2020-10-16,18,freq_sentence
2020-10-19,17,freq_sentence
2020-10-20,28,freq_sentence
2020-10-21,26,freq_sentence
2020-10-22,39,freq_sentence
2020-10-23,16,freq_sentence
2020-10-26,9,freq_sentence
2020-10-27,26,freq_sentence
2020-10-28,29,freq_sentence
2020-10-29,3,freq_sentence
2020-10-30,26,freq_sentence
2020-11-02,10,freq_sentence
2020-11-03,23,freq_sentence
2020-11-04,13,freq_sentence
2020-11-05,11,freq_sentence
2020-11-06,24,freq_sentence
2020-11-09,32,freq_sentence
2020-11-10,23,freq_sentence
2020-11-11,33,freq_sentence
2020-11-12,21,freq_sentence
2020-11-13,23,freq_sentence
2020-11-16,28,freq_sentence
2020-11-17,26,freq_sentence
2020-11-18,25,freq_sentence
2020-11-19,19,freq_sentence
2020-11-20,22,freq_sentence
2020-11-23,18,freq_sentence
2020-11-24,25,freq_sentence
2020-11-25,22,freq_sentence
2020-11-26,31,freq_sentence
2020-11-27,19,freq_sentence
2020-11-30,17,freq_sentence
2020-12-01,8,freq_sentence
2020-12-02,20,freq_sentence
2020-12-03,23,freq_sentence
2020-12-04,7,freq_sentence
2020-12-07,18,freq_sentence
2020-12-08,23,freq_sentence
2020-12-09,27,freq_sentence
2020-12-10,17,freq_sentence
2020-12-11,19,freq_sentence
2020-12-12,1,freq_sentence
2020-12-14,26,freq_sentence
2020-12-15,14,freq_sentence
2020-12-16,10,freq_sentence
2020-12-17,28,freq_sentence
2020-12-18,21,freq_sentence
2020-12-21,19,freq_sentence
2020-12-22,18,freq_sentence
2020-12-23,18,freq_sentence
2020-12-24,11,freq_sentence
2020-12-28,20,freq_sentence
2020-12-29,16,freq_sentence
2020-12-30,21,freq_sentence
2020-12-31,3,freq_sentence
2021-01-01,2,freq_sentence
2021-01-04,7,freq_sentence
2021-01-05,10,freq_sentence
2021-01-06,5,freq_sentence
2021-01-11,15,freq_sentence
2021-01-12,25,freq_sentence
2021-01-13,17,freq_sentence
2021-01-14,20,freq_sentence
2021-01-15,8,freq_sentence
2021-01-16,4,freq_sentence
2021-01-18,21,freq_sentence
2021-01-19,13,freq_sentence
2021-01-20,29,freq_sentence
2021-01-21,28,freq_sentence
2021-01-22,24,freq_sentence
2021-01-25,34,freq_sentence
2021-01-26,22,freq_sentence
2021-01-27,47,freq_sentence
2021-01-28,21,freq_sentence
2021-01-29,29,freq_sentence
2021-02-01,20,freq_sentence
2021-02-02,30,freq_sentence
2021-02-03,27,freq_sentence
2021-02-04,29,freq_sentence
2021-02-05,22,freq_sentence
2021-02-07,1,freq_sentence
2021-02-08,32,freq_sentence
2021-02-09,35,freq_sentence
2021-02-10,33,freq_sentence
2021-02-11,20,freq_sentence
2021-02-12,14,freq_sentence
2021-02-15,25,freq_sentence
2021-02-16,26,freq_sentence
2021-02-17,21,freq_sentence
2021-02-18,35,freq_sentence
2021-02-19,23,freq_sentence
2021-02-22,21,freq_sentence
2021-02-23,30,freq_sentence
2021-02-24,18,freq_sentence
2021-02-25,18,freq_sentence
2021-02-26,29,freq_sentence
2021-03-01,29,freq_sentence
2021-03-02,34,freq_sentence
2021-03-03,30,freq_sentence
2021-03-04,23,freq_sentence
2021-03-05,21,freq_sentence
2021-03-06,1,freq_sentence
2021-03-09,24,freq_sentence
2021-03-10,30,freq_sentence
2021-03-11,23,freq_sentence
2021-03-12,19,freq_sentence
2021-03-13,1,freq_sentence
2021-03-15,16,freq_sentence
2021-03-16,27,freq_sentence
2021-03-17,23,freq_sentence
2021-03-18,27,freq_sentence
2021-03-19,31,freq_sentence
2021-03-22,13,freq_sentence
2021-03-23,30,freq_sentence
2021-03-24,19,freq_sentence
2021-03-25,22,freq_sentence
2021-03-26,16,freq_sentence
2021-03-29,30,freq_sentence
2021-03-30,27,freq_sentence
2021-03-31,33,freq_sentence
2021-04-01,12,freq_sentence
2021-04-02,20,freq_sentence
2021-04-05,18,freq_sentence
2021-04-06,13,freq_sentence
2021-04-07,10,freq_sentence
2021-04-08,26,freq_sentence
2021-04-09,16,freq_sentence
2021-04-12,23,freq_sentence
2021-04-13,29,freq_sentence
2021-04-14,33,freq_sentence
2021-04-15,30,freq_sentence
2021-04-16,18,freq_sentence
2021-04-19,30,freq_sentence
2021-04-20,19,freq_sentence
2021-04-21,25,freq_sentence
2021-04-22,22,freq_sentence
2021-04-23,11,freq_sentence
2021-04-24,1,freq_sentence
2021-04-26,27,freq_sentence
2021-04-27,29,freq_sentence
2021-04-28,25,freq_sentence
2021-04-29,24,freq_sentence
2021-04-30,13,freq_sentence
2021-05-01,3,freq_sentence
2021-05-02,1,freq_sentence
2021-05-05,19,freq_sentence
2021-05-06,23,freq_sentence
2021-05-07,14,freq_sentence
2021-05-11,29,freq_sentence
2021-05-12,51,freq_sentence
2021-05-13,27,freq_sentence
2021-05-14,26,freq_sentence
2021-05-17,17,freq_sentence
2021-05-18,20,freq_sentence
2021-05-19,18,freq_sentence
2021-05-20,40,freq_sentence
2021-05-21,31,freq_sentence
2021-05-24,30,freq_sentence
2021-05-25,26,freq_sentence
2021-05-26,25,freq_sentence
2021-05-27,12,freq_sentence
2021-05-28,14,freq_sentence
2021-05-31,15,freq_sentence
2021-06-01,15,freq_sentence
2021-06-02,36,freq_sentence
2021-06-03,39,freq_sentence
2021-06-04,31,freq_sentence
2021-06-07,24,freq_sentence
2021-06-08,27,freq_sentence
2021-06-09,32,freq_sentence
2021-06-10,19,freq_sentence
2021-06-11,23,freq_sentence
2021-06-14,16,freq_sentence
2021-06-15,28,freq_sentence
2021-06-16,37,freq_sentence
2021-06-17,20,freq_sentence
2021-06-18,20,freq_sentence
2021-06-22,18,freq_sentence
2021-06-23,21,freq_sentence
2021-06-24,19,freq_sentence
2021-06-25,10,freq_sentence
2021-06-29,2,freq_sentence
2021-06-30,1,freq_sentence
